Date,Name,Year,Letterboxd URI
2019-06-14,Neon Genesis Evangelion: The End of Evangelion,1997,https://boxd.it/1GRM
2019-06-16,Enemy,2013,https://boxd.it/5xtO
2019-06-16,Alien,1979,https://boxd.it/2awY
2019-06-16,Loving Vincent,2017,https://boxd.it/biIQ
2019-06-16,Transformers,2007,https://boxd.it/280c
2019-06-16,A Dog's Will,2000,https://boxd.it/12u4
2019-06-16,Transformers: Age of Extinction,2014,https://boxd.it/3d1m
2019-06-16,Transformers: Dark of the Moon,2011,https://boxd.it/16aC
2019-06-16,Transformers: Revenge of the Fallen,2009,https://boxd.it/20gG
2019-06-16,The Dark Knight,2008,https://boxd.it/2b0k
2019-06-16,To Kill a Dead Man,1994,https://boxd.it/7hMO
2019-06-16,The Breakfast Club,1985,https://boxd.it/27q4
2019-06-16,Interstellar,2014,https://boxd.it/4VZ8
2019-06-16,Ratatouille,2007,https://boxd.it/27ww
2019-06-16,Far Cry,2008,https://boxd.it/20Kc
2019-06-16,The Man Who Saved the World,1982,https://boxd.it/1CTO
2019-06-16,John Wick,2014,https://boxd.it/7dEc
2019-06-16,John Wick: Chapter 2,2017,https://boxd.it/ayGu
2019-06-16,John Wick: Chapter 3 – Parabellum,2019,https://boxd.it/gmFw
2019-06-16,Toy Story 3,2010,https://boxd.it/1WRe
2019-06-16,Toy Story 2,1999,https://boxd.it/29qq
2019-06-16,Toy Story,1995,https://boxd.it/29qA
2019-06-16,Spider-Man,2002,https://boxd.it/2a8i
2019-06-16,Spider-Man 3,2007,https://boxd.it/2a7Y
2019-06-16,Spider-Man 2,2004,https://boxd.it/2a88
2019-06-16,The Amazing Spider-Man,2012,https://boxd.it/27PI
2019-06-16,The Amazing Spider-Man 2,2014,https://boxd.it/3utM
2019-06-16,Shrek,2001,https://boxd.it/29zi
2019-06-16,Shrek the Third,2007,https://boxd.it/29yY
2019-06-16,Shrek 2,2004,https://boxd.it/29z8
2019-06-16,Shrek Forever After,2010,https://boxd.it/1WRo
2019-06-16,Norbit,2007,https://boxd.it/1XSM
2019-06-16,The Fast and the Furious,2001,https://boxd.it/1XMu
2019-06-16,The Fast and the Furious: Tokyo Drift,2006,https://boxd.it/1Yeo
2019-06-16,2 Fast 2 Furious,2003,https://boxd.it/2a4g
2019-06-16,Fast Five,2011,https://boxd.it/BgO
2019-06-16,Jackie Chan: My Story,1998,https://boxd.it/NUw
2019-06-16,Drunken Master II,1994,https://boxd.it/1Si0
2019-06-16,Jackie Chan: My Stunts,1999,https://boxd.it/10Li
2019-06-16,Looking for Jackie,2009,https://boxd.it/OXc
2019-06-16,Police Story 4: First Strike,1996,https://boxd.it/1YLC
2019-06-16,Mr. Bean's Holiday,2007,https://boxd.it/28Yc
2019-06-16,Bean,1997,https://boxd.it/28WA
2019-06-17,Bee Movie,2007,https://boxd.it/22Vw
2019-06-17,Black Mirror: Bandersnatch,2018,https://boxd.it/kTDG
2019-06-17,The Avengers,2012,https://boxd.it/1xFW
2019-06-17,Avengers: Age of Ultron,2015,https://boxd.it/3qi6
2019-06-17,Avengers: Endgame,2019,https://boxd.it/9vE4
2019-06-17,Avengers: Infinity War,2018,https://boxd.it/9vEe
2019-06-17,Green Book,2018,https://boxd.it/hErk
2019-06-22,mother!,2017,https://boxd.it/dgRU
2019-06-23,Simão - The Goofy Ghost,1998,https://boxd.it/4cqM
2019-06-23,The Princess Xuxa and the Trapalhões,1989,https://boxd.it/44to
2019-06-23,Didi Wanna Be a Kid,2004,https://boxd.it/7wEA
2019-06-23,The Tumbling Trapalhões,1981,https://boxd.it/38Gu
2019-06-23,Didi - The Goofy Cupid,2003,https://boxd.it/79TW
2019-06-23,The Rebel Novice,1997,https://boxd.it/7tEs
2019-06-23,The Trapalhões and the Wizard of Oróz,1984,https://boxd.it/44tS
2019-06-23,Didi - The Treasure Raider,2006,https://boxd.it/79zC
2019-06-23,The Trapalhões in the War of the Planets,1978,https://boxd.it/XsC
2019-06-23,The Trapalhões and the Tree of Youth,1991,https://boxd.it/4jvk
2019-06-23,The Wedding of the Trapalhões,1988,https://boxd.it/38Km
2019-06-23,The Trapalhões in A Dog's Will,1987,https://boxd.it/4jm8
2019-06-23,The Trapalhões in the Land of Monsters,1989,https://boxd.it/5jbG
2019-06-23,A Messed-Up School,1990,https://boxd.it/4AJo
2019-06-23,The Mystery of Robin Hood,1990,https://boxd.it/4EyY
2019-06-23,The Knight Didi and the Princess Lili,2006,https://boxd.it/4Ezi
2019-06-23,The Trapalhões in Serra Pelada,1982,https://boxd.it/4zVy
2019-06-23,The Trapalhão and the Blue Light,1999,https://boxd.it/4cqs
2019-06-23,The Trapalhões in the Kingdom of Fantasy,1985,https://boxd.it/4jms
2019-06-23,The Trapalhões in the Tail of the Comet,1986,https://boxd.it/4EzC
2019-06-23,The Daughter of the Trapalhões,1984,https://boxd.it/9V0u
2019-06-23,The Tumbling Trapalhões: Heading to Hollywood,2017,https://boxd.it/fgHk
2019-06-23,The Trapalhão in the Plateau of the Apes,1976,https://boxd.it/7hei
2019-06-23,The Goofy Heroes: An Adventure in the Jungle,1988,https://boxd.it/3se6
2019-06-23,The Goofy Ghosts,1987,https://boxd.it/4jmi
2019-06-23,The Trapalhão in King Solomon's Mines,1977,https://boxd.it/4zVI
2019-06-23,The Trapalhões and the King of Football,1986,https://boxd.it/5wyo
2019-06-23,The Goofy Vagabonds,1982,https://boxd.it/5jlm
2019-06-23,The Incredible Goofy Monster,1980,https://boxd.it/4zR2
2019-06-23,The Goofy Bandit,1983,https://boxd.it/7mCY
2019-06-23,The Warrior Didi and the Ninja Lili,2008,https://boxd.it/6Pb6
2019-06-23,The Cinderelo Trapalhão,1979,https://boxd.it/5jma
2019-06-23,The Three Goofy Musketeers,1980,https://boxd.it/5jlQ
2019-06-23,The Trapalhão in Treasure Island,1975,https://boxd.it/5jlc
2019-06-23,The Trapalhão in Noah's Ark,1983,https://boxd.it/8lBi
2019-06-23,Mussum: Um Filme do Cacildis,2019,https://boxd.it/kKdk
2019-06-23,Ali Babá e os Quarenta Ladrões,1972,https://boxd.it/4zVe
2019-06-23,The Magical World of the Trapalhões,1981,https://boxd.it/b140
2019-06-23,The King and the Trapalhões,1979,https://boxd.it/9Gau
2019-06-23,Robin Hood - The Trapalhão of the Forest,1974,https://boxd.it/elk4
2019-06-23,Aladdin and the Wonderful Lamp,1973,https://boxd.it/4zV4
2019-06-23,Sinbad - The Trapalhão Sailor,1976,https://boxd.it/epAU
2019-06-23,Bonga the Vagabond,1969,https://boxd.it/5Kei
2019-06-23,Didi and the Secret of the Angels,2014,https://boxd.it/a4yA
2019-06-23,Two in the Ring,1968,https://boxd.it/5KSs
2019-06-23,Adorable Trapalhão,1967,https://boxd.it/8SJu
2019-06-23,The Island of the Flirters,1970,https://boxd.it/5KRY
2019-06-23,Riding the Yeah-Yeah-Yeah Wave,1966,https://boxd.it/4zWm
2019-06-23,The Secret of Princess Lili,2007,https://boxd.it/jHX8
2019-06-23,A Goofy Angel,2000,https://boxd.it/imjk
2019-06-29,Superbad,2007,https://boxd.it/20hO
2019-06-29,Spider-Man: Homecoming,2017,https://boxd.it/aboM
2019-06-29,Toy Story 4,2019,https://boxd.it/9ALu
2019-07-01,Inception,2010,https://boxd.it/1skk
2019-07-01,Perfect Blue,1997,https://boxd.it/1W7A
2019-07-01,Akira,1988,https://boxd.it/2b1i
2019-07-01,Spider-Man: Into the Spider-Verse,2018,https://boxd.it/azpY
2019-07-01,Star Wars,1977,https://boxd.it/72s
2019-07-01,Star Wars: The Force Awakens,2015,https://boxd.it/4vru
2019-07-01,Rogue One: A Star Wars Story,2016,https://boxd.it/aPvy
2019-07-01,Star Wars: The Last Jedi,2017,https://boxd.it/5xme
2019-07-01,Star Wars: Episode I – The Phantom Menace,1999,https://boxd.it/27Vc
2019-07-01,Star Wars: Episode III – Revenge of the Sith,2005,https://boxd.it/27US
2019-07-01,Star Wars: Episode II – Attack of the Clones,2002,https://boxd.it/27V2
2019-07-01,Howl's Moving Castle,2004,https://boxd.it/23De
2019-07-01,Project X,2012,https://boxd.it/neO
2019-07-01,The Edge of Democracy,2019,https://boxd.it/kLiA
2019-07-03,Scott Pilgrim vs. the World,2010,https://boxd.it/1Aq6
2019-07-03,"Hey, Did You Score?",2012,https://boxd.it/3Uig
2019-07-03,The Incredibles,2004,https://boxd.it/1XLm
2019-07-03,Interstellar: Nolan's Odyssey,2014,https://boxd.it/9BDG
2019-07-03,Batman Unmasked: The Psychology of The Dark Knight,2008,https://boxd.it/1mLE
2019-07-03,The Batmobile,2012,https://boxd.it/47vi
2019-07-03,The Fire Rises: The Creation and Impact of The Dark Knight Trilogy,2013,https://boxd.it/78RK
2019-07-03,Batman Begins,2005,https://boxd.it/2aIg
2019-07-03,The Dark Knight Rises,2012,https://boxd.it/H3m
2019-07-03,Pocahontas,1995,https://boxd.it/1W2g
2019-07-03,Incredibles 2,2018,https://boxd.it/7IPg
2019-07-03,Zootopia,2016,https://boxd.it/84xS
2019-07-03,Moana,2016,https://boxd.it/8tfY
2019-07-03,Mulan,1998,https://boxd.it/1VFw
2019-07-03,Finding Nemo,2003,https://boxd.it/72i
2019-07-03,WALL·E,2008,https://boxd.it/1VEo
2019-07-03,Tomorrowland,2015,https://boxd.it/4YaC
2019-07-03,Tarzan,1999,https://boxd.it/18YO
2019-07-03,The Good Dinosaur,2015,https://boxd.it/3AD4
2019-07-03,Hercules,1997,https://boxd.it/1SDW
2019-07-03,The SpongeBob SquarePants Movie,2004,https://boxd.it/1SYq
2019-07-03,The SpongeBob Movie: Sponge Out of Water,2015,https://boxd.it/6JxU
2019-07-03,Jimmy Neutron: Boy Genius,2001,https://boxd.it/1RDm
2019-07-03,The Adventures of Tintin,2011,https://boxd.it/1Irc
2019-07-03,Cowboy Bebop: The Movie,2001,https://boxd.it/1Uc4
2019-07-03,Django Unchained,2012,https://boxd.it/2cCk
2019-07-03,The Second Mother,2015,https://boxd.it/9Ydm
2019-07-03,Princess Mononoke,1997,https://boxd.it/2b4w
2019-07-03,My Neighbor Totoro,1988,https://boxd.it/20eA
2019-07-03,Kiki's Delivery Service,1989,https://boxd.it/1JAY
2019-07-03,Spirited Away,2001,https://boxd.it/2b4m
2019-07-04,Dunkirk,2017,https://boxd.it/d0Y6
2019-07-04,Annabelle Comes Home,2019,https://boxd.it/iU5m
2019-07-04,Annabelle: Creation,2017,https://boxd.it/dSxe
2019-07-04,Annabelle,2014,https://boxd.it/7l84
2019-07-05,Drive,2011,https://boxd.it/IG
2019-07-05,The Girl Who Leapt Through Time,2006,https://boxd.it/1OPa
2019-07-05,American Psycho,2000,https://boxd.it/28Vs
2019-07-07,Suspiria,2018,https://boxd.it/cioI
2019-07-09,Ice Age: Continental Drift,2012,https://boxd.it/lQ2
2019-07-09,Ice Age,2002,https://boxd.it/2apS
2019-07-09,Ice Age,2015,https://boxd.it/dqaG
2019-07-09,Ice Age: The Meltdown,2006,https://boxd.it/2wRk
2019-07-10,Antichrist,2009,https://boxd.it/1Inu
2019-07-11,Nymphomaniac: Vol. I,2013,https://boxd.it/7DiG
2019-07-11,Nymphomaniac: Vol. II,2013,https://boxd.it/7j9Y
2019-07-11,The House That Jack Built,2018,https://boxd.it/dWO4
2019-07-12,Whiplash,2014,https://boxd.it/7bQA
2019-07-16,Over the Garden Wall,2014,https://boxd.it/eqFw
2019-07-17,Lady Bird,2017,https://boxd.it/dGNE
2019-07-17,Birdman or (The Unexpected Virtue of Ignorance),2014,https://boxd.it/5RFA
2019-07-17,Magnolia,1999,https://boxd.it/2aze
2019-07-17,Boy & the World,2013,https://boxd.it/6CM4
2019-07-18,The Wolf of Wall Street,2013,https://boxd.it/3C1m
2019-07-18,Blue Is the Warmest Color,2013,https://boxd.it/4O40
2019-07-18,La La Land,2016,https://boxd.it/a5fa
2019-07-19,A Serbian Film,2010,https://boxd.it/2wBc
2019-07-19,Funny Games,1997,https://boxd.it/1WKM
2019-07-19,Captain Marvel,2019,https://boxd.it/9vSA
2019-07-19,The Lion King,1994,https://boxd.it/201Q
2019-07-20,The Social Network,2010,https://boxd.it/17ue
2019-07-24,Inglourious Basterds,2009,https://boxd.it/1JzG
2019-07-26,Suspiria,1977,https://boxd.it/1SNW
2019-07-27,Blade Runner 2049,2017,https://boxd.it/b8wK
2019-07-29,Gummo,1997,https://boxd.it/1H0Y
2019-07-30,Climax,2018,https://boxd.it/ikvo
2019-07-30,Halloween,1978,https://boxd.it/2wRu
2019-08-03,Fast & Furious Presents: Hobbs & Shaw,2019,https://boxd.it/dnDA
2019-08-08,The Matrix,1999,https://boxd.it/2a1m
2019-08-09,BlacKkKlansman,2018,https://boxd.it/hxL8
2019-08-12,"Papers, Please",2018,https://boxd.it/hovA
2019-08-12,A Quiet Place,2018,https://boxd.it/fVJQ
2019-08-15,Aquarius,2016,https://boxd.it/d6YQ
2019-08-15,Deadpool 2,2018,https://boxd.it/dlLM
2019-08-15,Deadpool,2016,https://boxd.it/9fOC
2019-08-15,Green Lantern,2011,https://boxd.it/QN4
2019-08-15,Ted,2012,https://boxd.it/2pgc
2019-08-15,The Godfather,1972,https://boxd.it/2aNK
2019-08-19,Scary Stories to Tell in the Dark,2019,https://boxd.it/eJTW
2019-08-21,I Spit on Your Grave,2010,https://boxd.it/Tbs
2019-08-23,Suicide Squad,2016,https://boxd.it/9row
2019-08-23,The Kissing Booth,2018,https://boxd.it/geR0
2019-08-23,Bird Box,2018,https://boxd.it/eh1i
2019-08-23,Vice,2018,https://boxd.it/fcFY
2019-08-24,Assassin's Creed,2016,https://boxd.it/41IK
2019-08-24,Sausage Party,2016,https://boxd.it/6CCe
2019-08-24,The Fault in Our Stars,2014,https://boxd.it/6BQa
2019-08-24,The Purge,2013,https://boxd.it/4Xg0
2019-08-24,Wreck-It Ralph,2012,https://boxd.it/2TTS
2019-08-24,Hansel & Gretel: Witch Hunters,2013,https://boxd.it/gmw
2019-08-24,Pitch Perfect,2012,https://boxd.it/3OsE
2019-08-24,Captain America: The First Avenger,2011,https://boxd.it/28b0
2019-08-25,Spotlight,2015,https://boxd.it/a84k
2019-08-25,City of God,2002,https://boxd.it/2a2a
2019-08-26,Confessions of a Brazilian Call Girl,2011,https://boxd.it/kQ6
2019-08-26,Me Before You,2016,https://boxd.it/9n98
2019-08-28,Carandiru,2003,https://boxd.it/209g
2019-08-28,Parasite,2019,https://boxd.it/hTha
2019-09-08,Bacurau,2019,https://boxd.it/fSUG
2019-09-09,Alice in Wonderland,2010,https://boxd.it/1Spq
2019-09-09,The Princess Diaries,2001,https://boxd.it/1XCO
2019-09-09,The Intern,2015,https://boxd.it/7AOE
2019-09-09,The Princess Diaries 2: Royal Engagement,2004,https://boxd.it/1UyY
2019-09-09,The Jungle Book,2016,https://boxd.it/8wjk
2019-09-21,Yesterday,2019,https://boxd.it/iF7M
2019-10-05,Joker,2019,https://boxd.it/h4cS
2019-10-06,Roger Waters: The Wall,2014,https://boxd.it/950s
2019-10-06,Batman v Superman: Dawn of Justice,2016,https://boxd.it/6fBW
2019-10-06,The Lego Batman Movie,2017,https://boxd.it/azp0
2019-10-13,The Hangover,2009,https://boxd.it/1GjK
2019-10-13,The Hangover Part II,2011,https://boxd.it/PZI
2019-10-13,The Hangover Part III,2013,https://boxd.it/3GNY
2019-10-13,The Last Hangover,2018,https://boxd.it/kZ9W
2019-10-17,Taxi Driver,1976,https://boxd.it/2b8y
2020-01-16,Midsommar,2019,https://boxd.it/jhxe
2020-01-16,The Irishman,2019,https://boxd.it/dYOq
2020-01-16,Marriage Story,2019,https://boxd.it/hJAw
2020-02-09,The Two Popes,2019,https://boxd.it/k8Xk
2020-02-09,Midway,2019,https://boxd.it/iX4w
2020-02-18,1917,2019,https://boxd.it/jj4y
2020-02-18,The Lighthouse,2019,https://boxd.it/icFU
2020-02-18,To All the Boys: P.S. I Still Love You,2020,https://boxd.it/kJny
2020-02-18,Uncut Gems,2019,https://boxd.it/gXGc
2020-03-08,21 Bridges,2019,https://boxd.it/juea
2020-06-04,Columbus,2017,https://boxd.it/eCuA
2020-06-04,Audition,1999,https://boxd.it/1UHm
2020-06-04,Lords of Chaos,2018,https://boxd.it/f5no
2020-06-04,Ginger Snaps,2000,https://boxd.it/1XEg
2020-06-29,Benny's Video,1992,https://boxd.it/27Hk
2020-07-18,Coherence,2013,https://boxd.it/6xza
2020-07-19,The Act of Killing,2012,https://boxd.it/44Cg
2020-07-19,Scream,1996,https://boxd.it/24EC
2020-07-21,Scream 3,2000,https://boxd.it/24Ei
2020-07-22,The Texas Chain Saw Massacre,1974,https://boxd.it/1lcS
2020-07-22,Scream 4,2011,https://boxd.it/Zmc
2020-07-22,Scream 2,1997,https://boxd.it/24Es
2020-07-23,Hereditary,2018,https://boxd.it/hNVe
2020-07-25,Persona,1966,https://boxd.it/29B4
2020-09-15,10 Things I Hate About You,1999,https://boxd.it/23AO
2020-09-15,Jennifer's Body,2009,https://boxd.it/1Efw
2020-09-15,[REC],2007,https://boxd.it/20ma
2020-10-27,Ford v Ferrari,2019,https://boxd.it/ce74
2020-12-17,Belladonna of Sadness,1973,https://boxd.it/2q
2020-12-17,Nights of Cabiria,1957,https://boxd.it/1F7e
2021-01-06,Dog Star Man,1965,https://boxd.it/eQCS
2021-01-06,"As I Was Moving Ahead, Occasionally I Saw Brief Glimpses of Beauty",2000,https://boxd.it/4gcu
2021-01-06,Stellar,1993,https://boxd.it/48Ra
2021-01-18,The Thing,1982,https://boxd.it/294O
2021-01-18,Titicut Follies,1967,https://boxd.it/ZVc
2021-09-17,Call Me by Your Name,2017,https://boxd.it/dYmm
2021-10-04,The Hunt,2012,https://boxd.it/3wEC
2021-10-18,Arrival,2016,https://boxd.it/aNGk
2021-10-24,Logan,2017,https://boxd.it/7Piy
2021-10-30,Dune,2021,https://boxd.it/fA7G
2021-10-30,The King,2019,https://boxd.it/ieZs
2021-10-31,Portrait of a Lady on Fire,2019,https://boxd.it/jkPq
2021-12-29,Spider-Man: Far From Home,2019,https://boxd.it/fegG
2022-01-02,Spider-Man: No Way Home,2021,https://boxd.it/nwRw
2022-01-02,Don't Look Up,2021,https://boxd.it/o0Hc
2022-01-10,The Matrix Resurrections,2021,https://boxd.it/n87k
2022-01-30,All About My Mother,1999,https://boxd.it/2b9c
2022-01-31,Encanto,2021,https://boxd.it/kPRu
2022-01-31,Soul,2020,https://boxd.it/ioLA
2022-02-02,Scarface,1983,https://boxd.it/2b7g
2022-02-02,Ponyo,2008,https://boxd.it/1S0A
2022-02-02,Finding Dory,2016,https://boxd.it/4aAA
2022-02-02,Iron Man,2008,https://boxd.it/28dA
2022-02-02,Baby Driver,2017,https://boxd.it/bhF2
2022-02-02,Clueless,1995,https://boxd.it/1Ygk
2022-02-02,Tim Maia,2014,https://boxd.it/8Skk
2022-02-02,Ant-Man,2015,https://boxd.it/3vmW
2022-02-02,It,2017,https://boxd.it/bC8e
2022-02-02,Need for Speed,2014,https://boxd.it/4p90
2022-02-02,To All the Boys I've Loved Before,2018,https://boxd.it/gHec
2022-02-02,Iron Man 2,2010,https://boxd.it/1WZM
2022-02-02,Fast & Furious 6,2013,https://boxd.it/2UG6
2022-02-02,Fast & Furious,2009,https://boxd.it/1Pnm
2022-02-02,Captain America: The Winter Soldier,2014,https://boxd.it/3r58
2022-02-02,The Incredible Hulk,2008,https://boxd.it/28dU
2022-02-02,Once Upon a Time... in Hollywood,2019,https://boxd.it/gH0O
2022-02-02,Se7en,1995,https://boxd.it/29zs
2022-02-02,Ant-Man and the Wasp,2018,https://boxd.it/cqUW
2022-02-02,The Trial of the Chicago 7,2020,https://boxd.it/kn3w
2022-02-02,Cars,2006,https://boxd.it/29ho
2022-02-02,Space Jam,1996,https://boxd.it/26YO
2022-02-02,How to Train Your Dragon: The Hidden World,2019,https://boxd.it/5a9w
2022-02-07,Zodiac,2007,https://boxd.it/27MO
2022-02-09,Normal People,2020,https://boxd.it/q2VY
2022-02-10,CODA,2021,https://boxd.it/tbf4
2022-02-10,Nightcrawler,2014,https://boxd.it/780m
2022-02-10,Paranormal Activity 3,2011,https://boxd.it/2o4O
2022-02-10,13,2010,https://boxd.it/QD4
2022-02-10,Radiohead: In Rainbows - From the Basement,2008,https://boxd.it/g7G
2022-02-10,High School Musical 2,2007,https://boxd.it/1PIu
2022-02-10,Two Sons of Francisco,2005,https://boxd.it/Geo
2022-02-10,The Adventures of Sharkboy and Lavagirl,2005,https://boxd.it/1Ozm
2022-02-10,The Butterfly Effect,2004,https://boxd.it/27M0
2022-02-10,Cruella,2021,https://boxd.it/bbKg
2022-02-12,"The French Dispatch of the Liberty, Kansas Evening Sun",2021,https://boxd.it/jLP8
2022-02-17,Bad Education,2019,https://boxd.it/jiME
2022-03-02,The Batman,2022,https://boxd.it/eDGs
2022-03-08,The Power of the Dog,2021,https://boxd.it/m99E
2022-03-19,Free Guy,2021,https://boxd.it/k8dm
2022-03-21,"tick, tick... BOOM!",2021,https://boxd.it/jz2e
2022-03-21,The Lost Daughter,2021,https://boxd.it/kgww
2022-03-23,The Hand of God,2021,https://boxd.it/r5uI
2022-03-23,King Richard,2021,https://boxd.it/mJZ2
2022-03-23,Three Songs for Benazir,2021,https://boxd.it/v9Rk
2022-03-26,The Greatest Showman,2017,https://boxd.it/acjI
2022-03-27,Belfast,2021,https://boxd.it/tefG
2022-03-27,Nightmare Alley,2021,https://boxd.it/m0HC
2022-03-27,Parallel Mothers,2021,https://boxd.it/sOP4
2022-03-29,Serial Experiments Lain,1998,https://boxd.it/hYQE
2022-03-29,Skyfall,2012,https://boxd.it/17Fc
2022-03-29,Spectre,2015,https://boxd.it/6bXY
2022-03-29,Casino Royale,2006,https://boxd.it/1alk
2022-03-29,Big Hero 6,2014,https://boxd.it/5rje
2022-03-29,Funny Games,2007,https://boxd.it/207a
2022-03-30,No Time to Die,2021,https://boxd.it/cPX2
2022-03-30,The Handmaiden,2016,https://boxd.it/948A
2022-04-04,The Terminal,2004,https://boxd.it/2a2O
2022-04-06,Cobain: Montage of Heck,2015,https://boxd.it/akuY
2022-04-16,Starstruck,2010,https://boxd.it/1cjq
2022-04-16,The Witch,2015,https://boxd.it/9X0m
2022-04-19,Fight Club,1999,https://boxd.it/2a9q
2022-04-20,The Passion of the Christ,2004,https://boxd.it/29ZK
2022-05-31,The Green Knight,2021,https://boxd.it/kuy2
2022-06-19,EuroTrip,2004,https://boxd.it/1YTQ
2022-06-20,The Book of Eli,2010,https://boxd.it/1Dnu
2022-06-20,The Martian,2015,https://boxd.it/8SeG
2022-06-20,The Hunger Games,2012,https://boxd.it/2uds
2022-06-20,Rio,2011,https://boxd.it/NKc
2022-06-20,The Princess and the Frog,2009,https://boxd.it/1WQq
2022-06-20,Night at the Museum,2006,https://boxd.it/28wi
2022-06-20,Grown Ups,2010,https://boxd.it/169a
2022-06-20,Grown Ups 2,2013,https://boxd.it/3GAq
2022-06-20,The Lion King 1½,2004,https://boxd.it/1TRg
2022-06-20,"Monsters, Inc.",2001,https://boxd.it/2a46
2022-06-20,Frozen,2013,https://boxd.it/3GNa
2022-06-20,The Emperor's New Groove,2000,https://boxd.it/1Tey
2022-06-20,Beauty and the Beast,1991,https://boxd.it/1XhG
2022-06-20,Guardians of the Galaxy Vol. 2,2017,https://boxd.it/8MxC
2022-06-20,Monster House,2006,https://boxd.it/1Z2e
2022-06-20,Fantastic Four: Rise of the Silver Surfer,2007,https://boxd.it/27Ii
2022-06-20,Stuart Little,1999,https://boxd.it/1WZW
2022-06-20,High School Musical,2006,https://boxd.it/1V0y
2022-06-20,Diary of a Wimpy Kid,2010,https://boxd.it/1fUa
2022-06-20,Lilo & Stitch,2002,https://boxd.it/1TAY
2022-06-20,Steve Jobs,2015,https://boxd.it/araG
2022-06-20,Minions,2015,https://boxd.it/6jCO
2022-06-22,Everything Everywhere All at Once,2022,https://boxd.it/jUk4
2022-06-28,Top Gun: Maverick,2022,https://boxd.it/cjr4
2022-07-11,The Nightingale,2018,https://boxd.it/e1Ga
2022-07-12,Me and Earl and the Dying Girl,2015,https://boxd.it/9SAE
2022-07-20,The Black Phone,2021,https://boxd.it/sqFE
2022-07-24,West Side Story,2021,https://boxd.it/iwt0
2022-07-29,Doctor Strange in the Multiverse of Madness,2022,https://boxd.it/gaTc
2022-07-29,Marley & Me,2008,https://boxd.it/1Ola
2022-07-29,Home Alone,1990,https://boxd.it/29Fg
2022-07-29,Kick-Ass,2010,https://boxd.it/1zaQ
2022-07-29,School of Rock,2003,https://boxd.it/28xK
2022-09-08,Where the Wild Things Are,2009,https://boxd.it/1K0C
2022-10-30,It Follows,2014,https://boxd.it/87wo
2022-11-27,Pearl,2022,https://boxd.it/zPbe
2022-11-28,X,2022,https://boxd.it/sxVa
2022-11-29,The Worst Person in the World,2021,https://boxd.it/oyws
2022-11-30,Cure,1997,https://boxd.it/1blA
2022-12-01,Skinamarink,2022,https://boxd.it/ByDO
2022-12-02,Mirror,1975,https://boxd.it/28Q8
2022-12-04,There Will Be Blood,2007,https://boxd.it/20Z2
2022-12-05,Aftersun,2022,https://boxd.it/Arw0
2022-12-07,The Nun,2018,https://boxd.it/fBkw
2022-12-07,Lucy,2014,https://boxd.it/75hu
2022-12-07,Nerve,2016,https://boxd.it/aJIc
2022-12-18,Inside Out,2015,https://boxd.it/4KHC
2022-12-18,Percy Jackson: Sea of Monsters,2013,https://boxd.it/2D8m
2022-12-18,Thor: The Dark World,2013,https://boxd.it/2DqA
2022-12-18,The Hot Chick,2002,https://boxd.it/1SW0
2022-12-18,The Pacifier,2005,https://boxd.it/1Xhm
2022-12-18,Shark Tale,2004,https://boxd.it/1VYe
2022-12-18,Man of Steel,2013,https://boxd.it/FRk
2022-12-18,Divergent,2014,https://boxd.it/4VT0
2022-12-18,Unfriended,2014,https://boxd.it/8sXg
2022-12-18,Scooby-Doo,2002,https://boxd.it/1YaQ
2022-12-18,Fantastic Four,2005,https://boxd.it/1XVw
2022-12-18,Monsters vs Aliens,2009,https://boxd.it/1M50
2022-12-18,Chicken Little,2005,https://boxd.it/1Xnu
2022-12-18,Legend of the Guardians: The Owls of Ga'Hoole,2010,https://boxd.it/ZUy
2022-12-18,The Maze Runner,2014,https://boxd.it/5YPM
2022-12-18,X-Men Origins: Wolverine,2009,https://boxd.it/27ug
2022-12-18,Mamma Mia!,2008,https://boxd.it/1Tnq
2022-12-18,The Devil Wears Prada,2006,https://boxd.it/2awE
2022-12-18,Ocean Waves,1993,https://boxd.it/1CtQ
2022-12-31,Glass Onion,2022,https://boxd.it/oCkK
2023-01-01,Masculin Féminin,1966,https://boxd.it/23UY
2023-01-05,The Menu,2022,https://boxd.it/lScm
2023-01-15,Terrifier 2,2022,https://boxd.it/oI10
2023-01-24,Chungking Express,1994,https://boxd.it/1UDa
2023-01-26,HOMECOMING: A film by Beyoncé,2019,https://boxd.it/lS2Q
2023-01-26,Closer,2004,https://boxd.it/270K
2023-01-27,Raw,2016,https://boxd.it/dLd2
2023-01-28,Laura Hasn't Slept,2020,https://boxd.it/pJQU
2023-01-28,A Woman Is a Woman,1961,https://boxd.it/1iUC
2023-01-28,Breathless,1960,https://boxd.it/2aIK
2023-01-28,Hello Cubans,1963,https://boxd.it/4BC4
2023-01-28,The Imitation Game,2014,https://boxd.it/6aig
2023-01-28,Euphoria: Trouble Don't Last Always,2020,https://boxd.it/ta4a
2023-01-28,The Queen's Gambit,2020,https://boxd.it/s1Ym
2023-01-28,Folklore: The Long Pond Studio Sessions,2020,https://boxd.it/sRk4
2023-01-28,Happy Death Day,2017,https://boxd.it/fDz4
2023-01-28,Blair Witch,2016,https://boxd.it/bO28
2023-01-28,Paper Towns,2015,https://boxd.it/8T5g
2023-01-28,The Smurfs 2,2013,https://boxd.it/2HvO
2023-01-28,Barbie Mariposa & the Fairy Princess,2013,https://boxd.it/5UGw
2023-01-28,The Bling Ring,2013,https://boxd.it/3lPY
2023-01-28,Brave,2012,https://boxd.it/bVG
2023-01-28,Cars 2,2011,https://boxd.it/H4Y
2023-01-28,Megamind,2010,https://boxd.it/16Sk
2023-01-28,Tangled,2010,https://boxd.it/15gO
2023-01-28,Cold Tropics,2009,https://boxd.it/5wXS
2023-01-30,Playing,2007,https://boxd.it/33Oe
2023-01-30,Lost in Translation,2003,https://boxd.it/2b0E
2023-01-30,Ghost in the Shell,1995,https://boxd.it/1YYc
2023-01-31,The Endless Night,2023,https://boxd.it/EL4o
2023-02-03,Estômago: A Gastronomic Story,2007,https://boxd.it/2hnO
2023-02-11,Twin Peaks: Fire Walk with Me,1992,https://boxd.it/27Qw
2023-02-13,The Little Soldier,1963,https://boxd.it/CRm
2023-02-14,Harry Potter and the Deathly Hallows: Part 1,2010,https://boxd.it/1RYu
2023-02-14,Harry Potter and the Deathly Hallows: Part 2,2011,https://boxd.it/1RYk
2023-02-21,La Cérémonie,1995,https://boxd.it/287C
2023-02-21,Her,2013,https://boxd.it/4O24
2023-02-23,The Silence of the Lambs,1991,https://boxd.it/2aHW
2023-02-23,Get Out,2017,https://boxd.it/eOCm
2023-02-24,Knives Out,2019,https://boxd.it/jWEA
2023-02-25,Gone Girl,2014,https://boxd.it/6hQu
2023-02-27,Madagascar,2005,https://boxd.it/29dc
2023-02-27,Die Hard,1988,https://boxd.it/2a7u
2023-02-27,Paddington,2014,https://boxd.it/3RKw
2023-02-27,Back to the Future,1985,https://boxd.it/2b8e
2023-02-27,Rango,2011,https://boxd.it/QPk
2023-02-28,Dracula,2020,https://boxd.it/ozuM
2023-03-13,The Piano Teacher,2001,https://boxd.it/2886
2023-03-19,The Seventh Seal,1957,https://boxd.it/2ahO
2023-03-20,The Backrooms (Found Footage),2022,https://boxd.it/B0mE
2023-03-21,Batman: The Killing Joke,2016,https://boxd.it/djxe
2023-03-21,Borat: Cultural Learnings of America for Make Benefit Glorious Nation of Kazakhstan,2006,https://boxd.it/2agQ
2023-03-21,The 40 Year Old Virgin,2005,https://boxd.it/21hK
2023-03-21,Mr. Popper's Penguins,2011,https://boxd.it/kRS
2023-03-21,Black Panther,2018,https://boxd.it/8MHs
2023-03-21,Captain America: Civil War,2016,https://boxd.it/89Ja
2023-03-21,Death Note,2017,https://boxd.it/bOS4
2023-03-21,Halloween,2018,https://boxd.it/f0uE
2023-03-21,Thor,2011,https://boxd.it/1WQU
2023-03-21,Jack and Jill,2011,https://boxd.it/2pQu
2023-03-21,Chernobyl Diaries,2012,https://boxd.it/3h4a
2023-03-21,Mulan,2020,https://boxd.it/bbK6
2023-03-21,Don't Breathe,2016,https://boxd.it/9yzw
2023-03-21,Tenet,2020,https://boxd.it/leq4
2023-03-21,World War Z,2013,https://boxd.it/2p2E
2023-03-21,It Chapter Two,2019,https://boxd.it/h10u
2023-03-21,Now You See Me,2013,https://boxd.it/2Bsu
2023-03-21,Zombieland,2009,https://boxd.it/1En6
2023-03-21,Now You See Me 2,2016,https://boxd.it/99fw
2023-03-21,Friends with Benefits,2011,https://boxd.it/DoK
2023-03-21,2012,2009,https://boxd.it/1OE2
2023-03-21,Mama,2013,https://boxd.it/4i9s
2023-03-21,Donnie Darko,2001,https://boxd.it/2b2A
2023-03-21,Men in Black 3,2012,https://boxd.it/103U
2023-03-21,Lolita,1997,https://boxd.it/1XR0
2023-03-21,Inferno,2016,https://boxd.it/6dMS
2023-03-21,The Da Vinci Code,2006,https://boxd.it/2a3i
2023-03-21,Angels & Demons,2009,https://boxd.it/1Q9K
2023-03-21,Apollo 13,1995,https://boxd.it/2a6G
2023-03-21,How the Grinch Stole Christmas,2000,https://boxd.it/1ZHQ
2023-03-21,Solo: A Star Wars Story,2018,https://boxd.it/bGWs
2023-03-21,Men in Black,1997,https://boxd.it/2a0I
2023-03-21,Men in Black II,2002,https://boxd.it/2a0y
2023-03-21,Amiga do Inimigo,2020,https://boxd.it/qPJM
2023-03-21,365 Days,2020,https://boxd.it/oJ9O
2023-03-21,The DUFF,2015,https://boxd.it/8eP8
2023-03-21,The Emoji Movie,2017,https://boxd.it/d9x4
2023-03-21,Disaster Movie,2008,https://boxd.it/1Pnc
2023-03-21,Cyberbully,2011,https://boxd.it/2syS
2023-03-21,Spy Kids,2001,https://boxd.it/1Xcw
2023-03-21,Spy Kids: All the Time in the World,2011,https://boxd.it/ptm
2023-03-21,Spy Kids 2: The Island of Lost Dreams,2002,https://boxd.it/1Yyo
2023-03-21,Spy Kids 3-D: Game Over,2003,https://boxd.it/1S7w
2023-03-21,Whisper of the Heart,1995,https://boxd.it/17uy
2023-03-21,Harry Potter and the Order of the Phoenix,2007,https://boxd.it/29Qe
2023-03-21,Paranormal Activity,2007,https://boxd.it/1yIM
2023-03-22,Travis Scott: Look Mom I Can Fly,2019,https://boxd.it/na98
2023-03-22,The Big Family: The Movie,2007,https://boxd.it/q48
2023-03-23,La Chinoise,1967,https://boxd.it/28rC
2023-03-26,Ant-Man and the Wasp: Quantumania,2023,https://boxd.it/nL2y
2023-03-26,Cinderella,2021,https://boxd.it/lSCY
2023-03-26,Pitch Perfect 3,2017,https://boxd.it/bUre
2023-03-26,Bohemian Rhapsody,2018,https://boxd.it/f1TK
2023-03-26,Morbius,2022,https://boxd.it/j978
2023-03-27,21 Jump Street,2012,https://boxd.it/J0
2023-03-27,Crash,1996,https://boxd.it/29n2
2023-03-27,Racionais MC's: From the Streets of São Paulo,2022,https://boxd.it/D4NI
2023-03-27,Window Water Baby Moving,1959,https://boxd.it/3mQo
2023-03-27,Acústico MTV,1998,https://boxd.it/11tk
2023-03-27,Acústico MTV,1992,https://boxd.it/11Na
2023-03-29,Dogtooth,2009,https://boxd.it/158K
2023-04-25,Yi Yi,2000,https://boxd.it/1vCw
2023-04-26,Reminiscences of a Journey to Lithuania,1972,https://boxd.it/4I1Y
2023-04-26,Shiva Baby,2020,https://boxd.it/oIv0
2023-04-26,Shiva Baby,2018,https://boxd.it/ieIc
2023-04-28,Little Women,2019,https://boxd.it/aSVk
2023-04-29,Causeway,2022,https://boxd.it/lWQq
2023-04-29,The Blind Side,2009,https://boxd.it/1zWg
2023-04-30,The Hunger Games: Catching Fire,2013,https://boxd.it/3sAw
2023-04-30,Nadja in Paris,1964,https://boxd.it/KHa
2023-04-30,Black Bear,2020,https://boxd.it/n8ru
2023-05-01,Madame Bovary,1991,https://boxd.it/26Dc
2023-05-02,The Godfather Part II,1974,https://boxd.it/2aNq
2023-05-02,Fallen Angels,1995,https://boxd.it/1UkW
2023-05-05,The Treasure Stone,1965,https://boxd.it/j9sq
2023-05-06,Evil Dead Rise,2023,https://boxd.it/qIvo
2023-05-07,Contempt,1963,https://boxd.it/2aJe
2023-05-09,Smile,2022,https://boxd.it/xjfE
2023-05-09,The Falcon and the Winter Soldier,2021,https://boxd.it/sbH6
2023-05-09,Dark Phoenix,2019,https://boxd.it/anyO
2023-05-09,Jumanji: Welcome to the Jungle,2017,https://boxd.it/bUeE
2023-05-09,Ouija: Origin of Evil,2016,https://boxd.it/b5EG
2023-05-09,The 5th Wave,2016,https://boxd.it/9wbi
2023-05-09,Fantastic Four,2015,https://boxd.it/5a9c
2023-05-09,Jurassic World,2015,https://boxd.it/4n0g
2023-05-09,Dumb and Dumber To,2014,https://boxd.it/3qPk
2023-05-09,Guardians of the Galaxy,2014,https://boxd.it/3VH2
2023-05-09,How to Train Your Dragon 2,2014,https://boxd.it/2TRW
2023-05-09,The Mortal Instruments: City of Bones,2013,https://boxd.it/44va
2023-05-09,The Conjuring,2013,https://boxd.it/4sr2
2023-05-09,Iron Man 3,2013,https://boxd.it/2cBQ
2023-05-09,The Hobbit: An Unexpected Journey,2012,https://boxd.it/GZk
2023-05-09,Paranormal Activity 4,2012,https://boxd.it/2UGq
2023-05-09,Head Over Heels 2,2012,https://boxd.it/53dw
2023-05-09,Final Destination 5,2011,https://boxd.it/r1k
2023-05-09,The Twilight Saga: Breaking Dawn – Part 2,2012,https://boxd.it/DdC
2023-05-09,The Twilight Saga: Breaking Dawn – Part 1,2011,https://boxd.it/DdM
2023-05-09,Gods and Monsters,1998,https://boxd.it/25Ty
2023-05-09,Beauty and the Beast,2017,https://boxd.it/ar0c
2023-05-09,Diary of a Wimpy Kid: Rodrick Rules,2011,https://boxd.it/gm2
2023-05-09,No Strings Attached,2011,https://boxd.it/YUs
2023-05-09,Lemonade Mouth,2011,https://boxd.it/4bG
2023-05-09,Love & Other Drugs,2010,https://boxd.it/UIi
2023-05-09,TRON: Legacy,2010,https://boxd.it/1Dlo
2023-05-09,Paranormal Activity 2,2010,https://boxd.it/ZnO
2023-05-09,How to Train Your Dragon,2010,https://boxd.it/1WRy
2023-05-09,Shutter Island,2010,https://boxd.it/1U82
2023-05-09,The Final Destination,2009,https://boxd.it/1EmW
2023-05-09,Orphan,2009,https://boxd.it/1CgM
2023-05-09,Fullmetal Alchemist: Brotherhood,2009,https://boxd.it/ptii
2023-05-09,Up,2009,https://boxd.it/1OEc
2023-05-09,Saw V,2008,https://boxd.it/1SMa
2023-05-09,Saw II,2005,https://boxd.it/2aRs
2023-05-09,Mr. & Mrs. Smith,2005,https://boxd.it/29CG
2023-05-09,Pirates of the Caribbean: The Curse of the Black Pearl,2003,https://boxd.it/70G
2023-05-09,Final Destination 2,2003,https://boxd.it/1YSS
2023-05-09,The Mask,1994,https://boxd.it/29rS
2023-05-09,Jurassic Park,1993,https://boxd.it/2aA2
2023-05-09,Psycho,1960,https://boxd.it/2ab2
2023-05-09,Ghost in the Shell: The New Movie,2015,https://boxd.it/b23i
2023-05-09,Neon Genesis Evangelion: Death and Rebirth,1997,https://boxd.it/2lAi
2023-05-09,Lupin the Third: Jigen's Gravestone,2014,https://boxd.it/7IPA
2023-05-09,Afro Samurai,2007,https://boxd.it/a6W
2023-05-09,Paprika,2006,https://boxd.it/23wW
2023-05-09,A Whisker Away,2020,https://boxd.it/oQEa
2023-05-09,Interstella 5555: The 5tory of the 5ecret 5tar 5ystem,2003,https://boxd.it/1ULy
2023-05-09,EVANGELION: DEATH (TRUE)²,1998,https://boxd.it/woHc
2023-05-09,Pokémon: The First Movie,1998,https://boxd.it/1WLA
2023-05-09,Neo Tokyo,1987,https://boxd.it/18ls
2023-05-09,Jin-Roh: The Wolf Brigade,1999,https://boxd.it/29wS
2023-05-09,Berserk: The Golden Age Arc III – The Advent,2013,https://boxd.it/4Bb8
2023-05-09,Yu Yu Hakusho: The Movie - The Golden Seal,1993,https://boxd.it/PV2
2023-05-09,Berserk: The Golden Age Arc I – The Egg of the King,2012,https://boxd.it/3MLO
2023-05-09,Hunter x Hunter: Phantom Rouge,2013,https://boxd.it/6jPI
2023-05-09,Pom Poko,1994,https://boxd.it/1Mvi
2023-05-09,Fireworks,2017,https://boxd.it/fjvm
2023-05-09,Your Name.,2016,https://boxd.it/cUqs
2023-05-09,Tales from Earthsea,2006,https://boxd.it/17ae
2023-05-09,Devilman Crybaby,2018,https://boxd.it/muwa
2023-05-09,The Anthem of the Heart,2015,https://boxd.it/cBiO
2023-05-09,Liz and the Blue Bird,2018,https://boxd.it/hksW
2023-05-09,The Garden of Words,2013,https://boxd.it/5Ymq
2023-05-09,Pierrot le Fou,1965,https://boxd.it/26j2
2023-05-14,TÁR,2022,https://boxd.it/uNIA
2023-05-24,Pulse,2001,https://boxd.it/1s3y
2023-06-05,Spider-Man: Across the Spider-Verse,2023,https://boxd.it/kSz4
2023-06-08,Incendies,2010,https://boxd.it/Msm
2023-06-09,Prisoners,2013,https://boxd.it/4E5i
2023-06-11,Black Swan,2010,https://boxd.it/Sw0
2023-06-12,Mulholland Drive,2001,https://boxd.it/297o
2023-06-13,Possession,1981,https://boxd.it/1BPm
2023-06-14,A Thousand Words,2012,https://boxd.it/2oBS
2023-06-14,The Task,2011,https://boxd.it/qP4
2023-06-14,Nosso Querido Trapalhão,2010,https://boxd.it/pe6c
2023-06-14,Show 50 Anos,2015,https://boxd.it/rnNe
2023-06-14,Celebração - 100 Anos do Cinema Nacional,1997,https://boxd.it/xBGS
2023-06-14,Dossiê: No Céu Tem Pão?,2013,https://boxd.it/zwnq
2023-06-14,Didi the Pilgrim,2013,https://boxd.it/uTCI
2023-06-14,Twenty Years Later,1984,https://boxd.it/33Oo
2023-06-14,Cries and Whispers,1972,https://boxd.it/1WK8
2023-06-16,Artificial Paradises,2012,https://boxd.it/3N68
2023-06-16,Cats,2019,https://boxd.it/jydK
2023-06-16,Love Actually,2003,https://boxd.it/2aeU
2023-06-16,Baywatch,2017,https://boxd.it/biG6
2023-06-16,God's Not Dead,2014,https://boxd.it/7jAg
2023-06-16,G-Force,2009,https://boxd.it/1ETc
2023-06-16,Ana e Vitória,2018,https://boxd.it/jjAa
2023-06-16,Joy,2015,https://boxd.it/8kEU
2023-06-16,Dumbo,2019,https://boxd.it/aNYI
2023-06-16,Zoolander 2,2016,https://boxd.it/aNBE
2023-06-16,Zoolander,2001,https://boxd.it/1YMA
2023-06-16,Twilight,2008,https://boxd.it/1Zui
2023-06-16,Dirty Grandpa,2016,https://boxd.it/99pG
2023-06-16,The Lorax,2012,https://boxd.it/2w9M
2023-06-16,High School Musical 3: Senior Year,2008,https://boxd.it/1SR0
2023-06-16,Neighbors 2: Sorority Rising,2016,https://boxd.it/aA80
2023-06-16,Frances Ha,2012,https://boxd.it/41Xg
2023-06-17,Kung Fu Panda 3,2016,https://boxd.it/4uRQ
2023-06-17,Kung Fu Panda 2,2011,https://boxd.it/G36
2023-06-17,Kung Fu Panda,2008,https://boxd.it/1Yws
2023-06-17,King Kong,2005,https://boxd.it/2aLa
2023-06-17,The Muppets,2011,https://boxd.it/1zg
2023-06-17,Frankenweenie,2012,https://boxd.it/bPS
2023-06-17,Ouija,2014,https://boxd.it/77SM
2023-06-17,Pitch Perfect 2,2015,https://boxd.it/7tNa
2023-06-17,Head Over Heels,2010,https://boxd.it/bZ4
2023-06-20,The Boss Baby,2017,https://boxd.it/9mfO
2023-06-20,Teenage Mutant Ninja Turtles,2014,https://boxd.it/3oAs
2023-06-20,Alvin and the Chipmunks: The Squeakquel,2009,https://boxd.it/1zgk
2023-06-20,Garfield: A Tail of Two Kitties,2006,https://boxd.it/1YuG
2023-06-20,Garfield Gets Real,2007,https://boxd.it/1K3c
2023-06-20,Garfield's Fun Fest,2008,https://boxd.it/1tik
2023-06-20,Vampires Suck,2010,https://boxd.it/125y
2023-06-20,Planes,2013,https://boxd.it/4Na2
2023-06-20,If I Were You,2006,https://boxd.it/1dDw
2023-06-20,Monsters University,2013,https://boxd.it/bQm
2023-06-20,Mission: Impossible III,2006,https://boxd.it/29cI
2023-06-20,White Chicks,2004,https://boxd.it/1SpK
2023-06-20,X-Men: Days of Future Past,2014,https://boxd.it/4aRw
2023-06-20,The Dictator,2012,https://boxd.it/2DEW
2023-06-20,Hulk,2003,https://boxd.it/27PS
2023-06-20,Sky High,2005,https://boxd.it/1TNI
2023-06-20,Before Sunrise,1995,https://boxd.it/2bcU
2023-06-21,Decision to Leave,2022,https://boxd.it/qp9e
2023-06-22,On the Beach at Night Alone,2017,https://boxd.it/fqEK
2023-06-23,Hotel by the River,2018,https://boxd.it/juVI
2023-06-24,Black Mirror: Joan Is Awful,2023,https://boxd.it/GWmi
2023-06-24,Black Mirror: Loch Henry,2023,https://boxd.it/H7Pg
2023-06-24,Shame,2011,https://boxd.it/2CxU
2023-06-25,Good Time,2017,https://boxd.it/fcFu
2023-06-26,Before Sunset,2004,https://boxd.it/2bcg
2023-06-27,Before Midnight,2013,https://boxd.it/4ive
2023-06-28,Alphaville,1965,https://boxd.it/20AG
2023-07-02,Mission: Impossible – Fallout,2018,https://boxd.it/bSVc
2023-07-05,Bones and All,2022,https://boxd.it/tLd4
2023-07-06,2 or 3 Things I Know About Her,1967,https://boxd.it/20Am
2023-07-06,Vivre Sa Vie,1962,https://boxd.it/28s6
2023-07-07,Sicario,2015,https://boxd.it/8i7u
2023-07-08,La Haine,1995,https://boxd.it/2as8
2023-07-08,The Game,1997,https://boxd.it/26vC
2023-07-09,Cléo from 5 to 7,1962,https://boxd.it/2agm
2023-07-09,The Curious Case of Benjamin Button,2008,https://boxd.it/23Fk
2023-07-21,The Beautiful Person,2008,https://boxd.it/152W
2023-07-22,Fantastic Planet,1973,https://boxd.it/1KnQ
2023-07-22,Barbie,2023,https://boxd.it/bCLK
2023-07-22,Oppenheimer,2023,https://boxd.it/wUow
2023-07-22,Speed Racer,2008,https://boxd.it/20UQ
2023-07-22,Easy A,2010,https://boxd.it/17DK
2023-07-22,Pokémon Detective Pikachu,2019,https://boxd.it/fVA0
2023-07-22,Fresh,2022,https://boxd.it/tCNi
2023-07-22,Scary Movie 4,2006,https://boxd.it/24B4
2023-07-22,Dear John,2010,https://boxd.it/1zO2
2023-07-22,Nickelodeon's Ho Ho Holiday Special,2015,https://boxd.it/cTf4
2023-07-22,Agent Cody Banks 2: Destination London,2004,https://boxd.it/1Jhi
2023-07-22,21 & Over,2013,https://boxd.it/3DOk
2023-07-22,The Package,2018,https://boxd.it/ibD4
2023-07-22,Carrossel 2: O Sumiço de Maria Joaquina,2016,https://boxd.it/bRsS
2023-07-22,Fifty Shades of Black,2016,https://boxd.it/bPvg
2023-07-22,Woody Woodpecker,2017,https://boxd.it/gyMa
2023-07-22,Eu Fico Loko,2017,https://boxd.it/fbI8
2023-07-22,Batman Forever,1995,https://boxd.it/2ara
2023-07-22,Internet - The Movie,2017,https://boxd.it/ffk0
2023-07-23,Moonfall,2022,https://boxd.it/ejwM
2023-07-23,Halloween Ends,2022,https://boxd.it/mO8M
2023-07-23,Scream VI,2023,https://boxd.it/zdfW
2023-07-23,Mortal Kombat,1995,https://boxd.it/1YZY
2023-07-23,Happy Feet,2006,https://boxd.it/1XH0
2023-07-23,Pacific Rim: Uprising,2018,https://boxd.it/83Qa
2023-07-23,The Perks of Being a Wallflower,2012,https://boxd.it/2ZA8
2023-07-23,Silent Hill,2006,https://boxd.it/2a3C
2023-07-23,Jackass Presents: Bad Grandpa,2013,https://boxd.it/6e3u
2023-07-23,Jackass Forever,2022,https://boxd.it/opUg
2023-07-23,Jackass: The Movie,2002,https://boxd.it/1Zo0
2023-07-23,Jackass Number Two,2006,https://boxd.it/1SyM
2023-07-23,Jackass 4.5,2022,https://boxd.it/vfTm
2023-07-23,Jackass 3D,2010,https://boxd.it/1KpM
2023-07-23,Jackass 3.5,2011,https://boxd.it/2Ak
2023-07-23,Independence Day,1996,https://boxd.it/2a1w
2023-07-23,The Dirt,2019,https://boxd.it/aGN4
2023-07-23,Jackass 2.5,2007,https://boxd.it/1OEw
2023-07-23,Jackass Presents: Bad Grandpa .5,2014,https://boxd.it/8iwu
2023-07-23,Dark City,1998,https://boxd.it/26uk
2023-07-23,Home on the Range,2004,https://boxd.it/1PB4
2023-07-23,Life,2017,https://boxd.it/dRqG
2023-07-23,The Last of England,1987,https://boxd.it/Y4c
2023-07-23,X-Men: Apocalypse,2016,https://boxd.it/7eJi
2023-07-23,Desmundo,2002,https://boxd.it/51ZI
2023-07-23,Voices of a Distant Star,2002,https://boxd.it/17dM
2023-07-23,The Searchers,1956,https://boxd.it/25HC
2023-07-23,Last Days,2005,https://boxd.it/28lY
2023-07-23,The Usual Suspects,1995,https://boxd.it/29XE
2023-07-23,Four Rooms,1995,https://boxd.it/73g
2023-07-23,This Is the End,2013,https://boxd.it/3GB4
2023-07-23,Chasing Amy,1997,https://boxd.it/274W
2023-07-23,A Nightmare on Elm Street Part 2: Freddy's Revenge,1985,https://boxd.it/1XiE
2023-07-23,Shivers,1975,https://boxd.it/1rPG
2023-07-23,Hot Tub Time Machine,2010,https://boxd.it/1zIS
2023-07-23,Be Kind Rewind,2008,https://boxd.it/23Au
2023-07-23,Noah,2014,https://boxd.it/34QA
2023-07-23,Resident Evil: Apocalypse,2004,https://boxd.it/28yS
2023-07-23,Pain & Gain,2013,https://boxd.it/4lp4
2023-07-23,The Last Witch Hunter,2015,https://boxd.it/8lBW
2023-07-23,The Proposal,2009,https://boxd.it/1HiS
2023-07-23,The Golden Compass,2007,https://boxd.it/272Q
2023-07-23,Ice Age: Dawn of the Dinosaurs,2009,https://boxd.it/20iC
2023-07-23,Devil,2010,https://boxd.it/SX6
2023-07-23,X-Men: The Last Stand,2006,https://boxd.it/1a5Q
2023-07-23,Bridge to Terabithia,2007,https://boxd.it/28YG
2023-07-23,Casper,1995,https://boxd.it/1ZMw
2023-07-23,The Spiderwick Chronicles,2008,https://boxd.it/20v2
2023-07-23,Bicentennial Man,1999,https://boxd.it/2722
2023-07-23,Mr. Magorium's Wonder Emporium,2007,https://boxd.it/271o
2023-07-23,Planet 51,2009,https://boxd.it/1JA0
2023-07-23,London Boulevard,2010,https://boxd.it/Hvg
2023-07-23,Flightplan,2005,https://boxd.it/1YZu
2023-07-23,ReGOREgitated Sacrifice,2008,https://boxd.it/2cSM
2023-07-23,Shallow Hal,2001,https://boxd.it/1XBm
2023-07-23,House of Wax,2005,https://boxd.it/1XaU
2023-07-23,Flubber,1997,https://boxd.it/1YkQ
2023-07-23,Sin City: A Dame to Kill For,2014,https://boxd.it/2aV0
2023-07-23,Scary Movie,2000,https://boxd.it/24CG
2023-07-23,Herbie Fully Loaded,2005,https://boxd.it/1TP0
2023-07-23,Eden Lake,2008,https://boxd.it/1Q1m
2023-07-23,Lunacy,2005,https://boxd.it/1Cm6
2023-07-23,Doom: Annihilation,2019,https://boxd.it/iTB2
2023-07-23,Hold the Dark,2018,https://boxd.it/dQPg
2023-07-23,Missing Link,2019,https://boxd.it/gn0O
2023-07-23,Dope,2015,https://boxd.it/9Tho
2023-07-23,Romeo + Juliet,1996,https://boxd.it/2ama
2023-07-23,Butter on the Latch,2013,https://boxd.it/5VP0
2023-07-23,Jaws: The Revenge,1987,https://boxd.it/2a4U
2023-07-23,Jaws 2,1978,https://boxd.it/2a54
2023-07-23,The Lovebirds,2020,https://boxd.it/labE
2023-07-23,Hotel Artemis,2018,https://boxd.it/ejwW
2023-07-23,End of Watch,2012,https://boxd.it/2F5O
2023-07-23,Empire Records,1995,https://boxd.it/1PY8
2023-07-23,Hocus Pocus,1993,https://boxd.it/1Wgi
2023-07-23,The Hunt,2020,https://boxd.it/iE9i
2023-07-23,The Old Guard,2020,https://boxd.it/jY2e
2023-07-23,Summer '03,2018,https://boxd.it/i6Wg
2023-07-23,The New Mutants,2020,https://boxd.it/bjle
2023-07-23,The Woman,2011,https://boxd.it/3dG
2023-07-23,The Brain Eaters,1958,https://boxd.it/zzE
2023-07-23,The Beast in Heat,1977,https://boxd.it/19Bc
2023-07-23,The Zone,2011,https://boxd.it/4QE0
2023-07-23,Jurassic Park III,2001,https://boxd.it/2azI
2023-07-23,Cinderella,2015,https://boxd.it/4KX6
2023-07-23,Ma,2019,https://boxd.it/i8Wi
2023-07-23,Death Wish,1974,https://boxd.it/1P5i
2023-07-23,Jason X,2001,https://boxd.it/1TM6
2023-07-23,Hairspray,2007,https://boxd.it/261M
2023-07-23,Paranormal Activity: The Marked Ones,2014,https://boxd.it/6Ie8
2023-07-23,David Lynch: The Art Life,2016,https://boxd.it/eASq
2023-07-23,Patton,1970,https://boxd.it/1UnQ
2023-07-23,Still Alice,2014,https://boxd.it/8Nhq
2023-07-23,Prey,2022,https://boxd.it/sNBU
2023-07-23,Night of the Creeps,1986,https://boxd.it/1LzI
2023-07-23,American Gangster,2007,https://boxd.it/23wi
2023-07-23,Who Is Beta?,1972,https://boxd.it/4KhO
2023-07-23,Freaky Friday,2003,https://boxd.it/1WwK
2023-07-23,Love and Monsters,2020,https://boxd.it/lJ6E
2023-07-23,Westworld,1973,https://boxd.it/26RS
2023-07-23,Guinea Pig Part 4: Devil Doctor Woman,1986,https://boxd.it/1b24
2023-07-23,Fear Street: 1666,2021,https://boxd.it/lLBE
2023-07-23,In the Land of the Amazons,1922,https://boxd.it/bwae
2023-07-23,Motel Hell,1980,https://boxd.it/1khs
2023-07-23,Ron's Gone Wrong,2021,https://boxd.it/hlj2
2023-07-23,Scream,2022,https://boxd.it/o0lg
2023-07-23,Flushed Away,2006,https://boxd.it/1Tpm
2023-07-23,Guinea Pig: Mermaid in the Manhole,1988,https://boxd.it/1hl2
2023-07-23,Holy Land,2010,https://boxd.it/59g2
2023-07-23,Underwater,2020,https://boxd.it/fN4q
2023-07-23,Mondo Cane,1962,https://boxd.it/1gGo
2023-07-23,The Willoughbys,2020,https://boxd.it/kv2G
2023-07-23,School's Out,2018,https://boxd.it/h5oA
2023-07-23,Bliss,2019,https://boxd.it/lAok
2023-07-23,Training Day,2001,https://boxd.it/27A4
2023-07-23,Lawless,2012,https://boxd.it/2TIK
2023-07-23,House of 1000 Corpses,2003,https://boxd.it/26uE
2023-07-23,Doctor Strange,2016,https://boxd.it/8MH8
2023-07-23,Hugo,2011,https://boxd.it/R08
2023-07-23,Nightmare at Shadow Woods,1987,https://boxd.it/1pSI
2023-07-23,Hustlers,2019,https://boxd.it/jIBM
2023-07-23,Super Deluxe,2019,https://boxd.it/fjRW
2023-07-23,Husbands,1970,https://boxd.it/zOY
2023-07-23,Mean Streets,1973,https://boxd.it/2aSU
2023-07-23,Blockers,2018,https://boxd.it/fxEW
2023-07-23,In the Realm of the Senses,1976,https://boxd.it/22qS
2023-07-23,Duck Soup,1933,https://boxd.it/25PG
2023-07-23,Silver Bullets,2011,https://boxd.it/2Hl0
2023-07-23,Sleeping Beauty,2011,https://boxd.it/Yk
2023-07-23,Angels of Sin,1943,https://boxd.it/qSW
2023-07-23,The Slumber Party Massacre,1982,https://boxd.it/1rIq
2023-07-23,Can You Ever Forgive Me?,2018,https://boxd.it/e7x4
2023-07-23,Street Fighter,1994,https://boxd.it/1ThW
2023-07-23,Ace Ventura: Pet Detective,1994,https://boxd.it/25RW
2023-07-23,The Hills Have Eyes,1977,https://boxd.it/1Sa6
2023-07-23,Chef,2014,https://boxd.it/6lCG
2023-07-23,Exorcist II: The Heretic,1977,https://boxd.it/1Tuw
2023-07-23,Neon Bull,2015,https://boxd.it/a6Ke
2023-07-23,Cool as Ice,1991,https://boxd.it/28Gi
2023-07-23,Creating Rem Lezar,1989,https://boxd.it/46iW
2023-07-23,Sombre,1998,https://boxd.it/oA2
2023-07-23,Day of Wrath,1943,https://boxd.it/ZtM
2023-07-23,The Lost City of Z,2016,https://boxd.it/a7jS
2023-07-23,Jack Reacher,2012,https://boxd.it/2BUo
2023-07-23,Dr. No,1962,https://boxd.it/29UU
2023-07-23,The Void,2016,https://boxd.it/d93S
2023-07-23,Nekromantik,1988,https://boxd.it/1T0w
2023-07-23,The Immigrant,1917,https://boxd.it/Kcm
2023-07-23,The Dreamers,2003,https://boxd.it/28X4
2023-07-23,Children of Paradise,1945,https://boxd.it/26H4
2023-07-23,The Spirit,2008,https://boxd.it/20pe
2023-07-23,Wonder,2017,https://boxd.it/ekeY
2023-07-23,Twelve Monkeys,1995,https://boxd.it/2beQ
2023-07-23,Gone with the Wind,1939,https://boxd.it/29Fq
2023-07-23,Aladdin,1992,https://boxd.it/29yE
2023-07-23,RocknRolla,2008,https://boxd.it/1PmI
2023-07-23,The Leguminous Monster from Outer Space,1995,https://boxd.it/cNq6
2023-07-23,To Kill a Mockingbird,1962,https://boxd.it/2a2E
2023-07-23,Shazam!,2019,https://boxd.it/8WBu
2023-07-23,The Cameraman,1928,https://boxd.it/1jag
2023-07-23,WVLNT,2003,https://boxd.it/8vBs
2023-07-23,Inside,2007,https://boxd.it/1QqG
2023-07-23,If Beale Street Could Talk,2018,https://boxd.it/gGhu
2023-07-23,Tully,2018,https://boxd.it/e4kc
2023-07-23,You Were Never Really Here,2017,https://boxd.it/dWOS
2023-07-23,Dawn of the Dead,1978,https://boxd.it/29gU
2023-07-23,Sex and Fury,1973,https://boxd.it/1Dgo
2023-07-23,Fyre,2019,https://boxd.it/kP0g
2023-07-23,Elf,2003,https://boxd.it/1VyK
2023-07-23,Antiviral,2012,https://boxd.it/475Y
2023-07-23,Bridge of Spies,2015,https://boxd.it/9n9C
2023-07-23,Zombie Flesh Eaters,1979,https://boxd.it/217q
2023-07-23,A Lake,2008,https://boxd.it/19iu
2023-07-23,Symbiopsychotaxiplasm: Take One,1968,https://boxd.it/R6q
2023-07-23,Young Frankenstein,1974,https://boxd.it/25To
2023-07-23,Cop Car,2015,https://boxd.it/9X0G
2023-07-23,eXistenZ,1999,https://boxd.it/27Ni
2023-07-23,Blue Jasmine,2013,https://boxd.it/50MI
2023-07-23,Gone Baby Gone,2007,https://boxd.it/23R6
2023-07-23,There Once Was a Singing Blackbird,1970,https://boxd.it/2VoM
2023-07-23,127 Hours,2010,https://boxd.it/SLa
2023-07-23,Alien: Covenant,2017,https://boxd.it/49UY
2023-07-23,Chelsea Girls,1966,https://boxd.it/28iU
2023-07-23,Chicken Run,2000,https://boxd.it/20Xg
2023-07-23,Quiet City,2007,https://boxd.it/M58
2023-07-23,The Road to El Dorado,2000,https://boxd.it/1W6s
2023-07-23,Valhalla Rising,2009,https://boxd.it/17lc
2023-07-23,Anchorman: The Legend of Ron Burgundy,2004,https://boxd.it/1ZVo
2023-07-23,Pitch Black,2000,https://boxd.it/26iS
2023-07-23,Begotten,1989,https://boxd.it/28Ie
2023-07-23,Hunger,2008,https://boxd.it/1Wso
2023-07-23,May,2002,https://boxd.it/1V8M
2023-07-23,The Turning Wind,1962,https://boxd.it/1IM
2023-07-23,The Spectacular Now,2013,https://boxd.it/4VSG
2023-07-23,Walkabout,1971,https://boxd.it/1bsG
2023-07-23,Far from the Madding Crowd,2015,https://boxd.it/7lpa
2023-07-23,Wiener-Dog,2016,https://boxd.it/aD3M
2023-07-23,Frequencies,2013,https://boxd.it/6unK
2023-07-23,Magic Mike,2012,https://boxd.it/2HvY
2023-07-23,Edward II,1991,https://boxd.it/TVA
2023-07-23,A Dangerous Method,2011,https://boxd.it/IYo
2023-07-23,Love and Death,1975,https://boxd.it/1TeS
2023-07-23,Matilda,1996,https://boxd.it/1VhY
2023-07-23,13 Going on 30,2004,https://boxd.it/1X6e
2023-07-23,The Pleasure of Being Robbed,2008,https://boxd.it/Wxc
2023-07-23,The Descent,2005,https://boxd.it/1YNy
2023-07-23,Brother Bear,2003,https://boxd.it/1Xjs
2023-07-23,Evil Dead,2013,https://boxd.it/3GPq
2023-07-23,Treasure Planet,2002,https://boxd.it/1Znm
2023-07-23,Atlantis: The Lost Empire,2001,https://boxd.it/1Vck
2023-07-23,"The Chronicles of Narnia: The Lion, the Witch and the Wardrobe",2005,https://boxd.it/2ark
2023-07-23,Harry Potter and the Philosopher's Stone,2001,https://boxd.it/29QS
2023-07-23,Harry Potter and the Chamber of Secrets,2002,https://boxd.it/29QI
2023-07-23,Horrible Bosses,2011,https://boxd.it/Ba2
2023-07-23,Lemony Snicket's A Series of Unfortunate Events,2004,https://boxd.it/1T7s
2023-07-23,Blow Job,1964,https://boxd.it/RNu
2023-07-23,[REC]²,2009,https://boxd.it/1VH8
2023-07-23,Panic Room,2002,https://boxd.it/2490
2023-07-23,Napoleon Dynamite,2004,https://boxd.it/20wu
2023-07-23,Hard Candy,2005,https://boxd.it/26vs
2023-07-23,Berberian Sound Studio,2012,https://boxd.it/3T30
2023-07-23,Ida,2013,https://boxd.it/6fRg
2023-07-23,Long Shot,2019,https://boxd.it/grG0
2023-07-23,7 Days in Hell,2015,https://boxd.it/8VZ6
2023-07-23,Haunt,2019,https://boxd.it/iK78
2023-07-23,X: The Man with the X-Ray Eyes,1963,https://boxd.it/1gVI
2023-07-23,River of Grass,1994,https://boxd.it/3orq
2023-07-23,We'll Find Something,2015,https://boxd.it/b2wO
2023-07-23,Fury,2014,https://boxd.it/6JwC
2023-07-23,Bleeder,1999,https://boxd.it/1HKs
2023-07-23,The Fall of the House of Usher,1928,https://boxd.it/1q2o
2023-07-23,Them!,1954,https://boxd.it/1UI0
2023-07-23,Toad Road,2012,https://boxd.it/41lG
2023-07-23,Friday the 13th,1980,https://boxd.it/24fs
2023-07-23,Mystic River,2003,https://boxd.it/2aAG
2023-07-23,Free Solo,2018,https://boxd.it/iEEq
2023-07-23,The Reluctant Dragon,1941,https://boxd.it/1A6K
2023-07-23,Mary Poppins Returns,2018,https://boxd.it/e4nU
2023-07-23,A Simple Favor,2018,https://boxd.it/hq92
2023-07-23,The Burning,1981,https://boxd.it/1ygS
2023-07-23,Freaky,2020,https://boxd.it/ka42
2023-07-23,Adventures in Babysitting,1987,https://boxd.it/1Ofc
2023-07-23,Ava's Possessions,2015,https://boxd.it/awpc
2023-07-23,Fighting with My Family,2019,https://boxd.it/fRyO
2023-07-23,The Keep,1983,https://boxd.it/1umW
2023-07-23,Room 237,2012,https://boxd.it/2Y46
2023-07-23,The Nightmare,2015,https://boxd.it/a3IE
2023-07-23,Grave Encounters,2011,https://boxd.it/D1G
2023-07-23,I Know Who Killed Me,2007,https://boxd.it/22sE
2023-07-23,A Gentle Woman,1969,https://boxd.it/qSM
2023-07-23,Deepwater Horizon,2016,https://boxd.it/9oiU
2023-07-23,Razorback,1984,https://boxd.it/1upc
2023-07-23,Everybody Wants Some!!,2016,https://boxd.it/9mgM
2023-07-23,Mister America,2019,https://boxd.it/mDiQ
2023-07-23,The Art of Self-Defense,2019,https://boxd.it/hf5y
2023-07-23,The Cannibal Club,2018,https://boxd.it/i0LG
2023-07-23,Suicide Club,2001,https://boxd.it/1RkY
2023-07-23,Run,2020,https://boxd.it/jVM4
2023-07-23,Sleeping Beauty,1959,https://boxd.it/1V9A
2023-07-23,Christopher Robin,2018,https://boxd.it/eSj4
2023-07-23,To Each His Own Cinema,2007,https://boxd.it/1bju
2023-07-23,Schramm,1993,https://boxd.it/130k
2023-07-23,Color Me Blood Red,1965,https://boxd.it/1q3Q
2023-07-23,The Gore Gore Girls,1972,https://boxd.it/1q5s
2023-07-23,Fear Street: 1994,2021,https://boxd.it/lLBk
2023-07-23,Hackers,1995,https://boxd.it/1WhU
2023-07-23,Godzilla vs. Kong,2021,https://boxd.it/e0qK
2023-07-23,The Aftermath,1982,https://boxd.it/MYW
2023-07-23,Sylvio,2017,https://boxd.it/fzyc
2023-07-23,"Love, Death & Robots: Ice Age",2019,https://boxd.it/lJG8
2023-07-23,Wild Child,2008,https://boxd.it/1P0C
2023-07-23,The Fighter,2010,https://boxd.it/PP4
2023-07-23,"Love, Death & Robots: Blindspot",2019,https://boxd.it/lJH6
2023-07-23,Get the Goat,2021,https://boxd.it/u5rA
2023-07-23,Fatherhood,2021,https://boxd.it/mq4w
2023-07-23,Raya and the Last Dragon,2021,https://boxd.it/jbkI
2023-07-23,What's Up: Balloon to the Rescue!,2009,https://boxd.it/60Hq
2023-07-23,American Poltergeist,2015,https://boxd.it/bAJM
2023-07-23,Birdemic 2: The Resurrection,2013,https://boxd.it/5HK6
2023-07-23,August Underground's Mordum,2003,https://boxd.it/1wSU
2023-07-23,The Danish Girl,2015,https://boxd.it/9Ohy
2023-07-23,Men in Black: International,2019,https://boxd.it/hdJw
2023-07-23,Cinderella Baiana,1998,https://boxd.it/2RLs
2023-07-23,Atlantic Rim,2013,https://boxd.it/66Be
2023-07-23,Day of the Dead: Bloodline,2017,https://boxd.it/hsqE
2023-07-23,Marmaduke,2022,https://boxd.it/phzw
2023-07-23,Megan Is Missing,2011,https://boxd.it/sKJG
2023-07-23,Music,2021,https://boxd.it/lyEK
2023-07-23,Hellraiser: Revelations,2011,https://boxd.it/2ta8
2023-07-23,Nothing to Lose,2018,https://boxd.it/i9wU
2023-07-23,Crash,2004,https://boxd.it/28q0
2023-07-23,UFO Abduction,1989,https://boxd.it/68K8
2023-07-23,Speak No Evil,2022,https://boxd.it/vqlg
2023-07-23,Black Mirror: Crocodile,2017,https://boxd.it/hRoS
2023-07-23,The Tinder Swindler,2022,https://boxd.it/yMLw
2023-07-23,About Fate,2022,https://boxd.it/veJq
2023-07-23,Can't Buy Me Love,1987,https://boxd.it/1R4c
2023-07-23,DC League of Super-Pets,2022,https://boxd.it/jFTI
2023-07-23,Visitors,2013,https://boxd.it/60ac
2023-07-23,Censor,2021,https://boxd.it/oHFS
2023-07-23,You Wont Miss Me,2009,https://boxd.it/G2M
2023-07-23,F9,2021,https://boxd.it/dqsU
2023-07-23,I Know What You Did Last Summer,1997,https://boxd.it/2588
2023-07-23,Sing 2,2021,https://boxd.it/fAnE
2023-07-23,Persuasion,2022,https://boxd.it/uVFY
2023-07-23,The Most Dangerous Game,1932,https://boxd.it/27Gc
2023-07-23,This Place Rules,2022,https://boxd.it/CJGm
2023-07-23,Bride of the Monster,1955,https://boxd.it/1aum
2023-07-23,Miss Americana,2020,https://boxd.it/oifq
2023-07-23,Exte: Hair Extensions,2007,https://boxd.it/1Bn8
2023-07-23,Halloween 4: The Return of Michael Myers,1988,https://boxd.it/1U2S
2023-07-23,Nocturne,2020,https://boxd.it/nTaK
2023-07-23,Trance,2013,https://boxd.it/2cAS
2023-07-23,Forgetting Sarah Marshall,2008,https://boxd.it/1XEq
2023-07-23,War Dogs,2016,https://boxd.it/9SlO
2023-07-23,The Perfection,2018,https://boxd.it/jgxW
2023-07-23,Garden State,2004,https://boxd.it/2asW
2023-07-23,The Social Dilemma,2020,https://boxd.it/opQI
2023-07-23,Despite the Night,2015,https://boxd.it/aPmQ
2023-07-23,Tiger King,2020,https://boxd.it/pzj2
2023-07-23,Adam Chaplin,2011,https://boxd.it/3p5q
2023-07-23,Liar Liar,1997,https://boxd.it/28sg
2023-07-23,Mosquito the Rapist,1977,https://boxd.it/3vpw
2023-07-23,Eaten Alive!,1980,https://boxd.it/1ZWG
2023-07-23,Kate Plays Christine,2016,https://boxd.it/bk7s
2023-07-23,The Purge: Anarchy,2014,https://boxd.it/71zk
2023-07-23,The Purge: Election Year,2016,https://boxd.it/ae5I
2023-07-23,Project Power,2020,https://boxd.it/ml8S
2023-07-27,The Umbrellas of Cherbourg,1964,https://boxd.it/22fK
2023-07-30,Bergman Island,2021,https://boxd.it/h86E
2023-08-01,"I, Tonya",2017,https://boxd.it/dzR0
2023-08-09,Mission: Impossible – Rogue Nation,2015,https://boxd.it/5rI4
2023-08-09,Triangle of Sadness,2022,https://boxd.it/hXlq
2023-08-11,Band of Outsiders,1964,https://boxd.it/20Aw
2023-08-12,The Girl with the Dragon Tattoo,2011,https://boxd.it/2Pa
2023-08-19,Nope,2022,https://boxd.it/sDCe
2023-08-20,Watching the Detectives,2007,https://boxd.it/1B3i
2023-08-27,"Red, White & Royal Blue",2023,https://boxd.it/z3iG
2023-08-28,The Virgin Suicides,1999,https://boxd.it/28JG
2023-09-04,20th Century Women,2016,https://boxd.it/bqU6
2023-09-05,Eyes Wide Shut,1999,https://boxd.it/2axs
2023-09-07,The Seventh Continent,1989,https://boxd.it/1gB4
2023-09-09,Amadeus,1984,https://boxd.it/2aH8
2023-09-09,Lilya 4-ever,2002,https://boxd.it/1SyW
2023-09-12,Sharp Objects,2018,https://boxd.it/j3NM
2023-09-12,Mare of Easttown,2021,https://boxd.it/u2h8
2023-09-12,Three Colours: Red,1994,https://boxd.it/2b7q
2023-09-15,Talk to Me,2022,https://boxd.it/C6uQ
2023-09-15,Babylon,2022,https://boxd.it/mM02
2023-09-16,Memento,2000,https://boxd.it/2bcK
2023-09-17,Heat,1995,https://boxd.it/2bg8
2023-09-25,Lamb,2021,https://boxd.it/tFwE
2023-09-26,Bodies Bodies Bodies,2022,https://boxd.it/iRcE
2023-09-26,Revolutionary Girl Utena,1997,https://boxd.it/psn2
2023-09-26,Requiem for a Dream,2000,https://boxd.it/29VI
2023-09-26,The Woman Who Invented Love,1980,https://boxd.it/5Sl2
2023-09-28,The Wonderful Story of Henry Sugar,2023,https://boxd.it/yNyo
2023-10-02,Chernobyl,2019,https://boxd.it/mkbG
2023-10-02,Booksmart,2019,https://boxd.it/igNS
2023-10-08,The Shining,1980,https://boxd.it/29Nu
2023-10-09,Carrie,1976,https://boxd.it/20ZQ
2023-10-10,The Beaches of Agnès,2008,https://boxd.it/14Y6
2023-10-16,Saw,2004,https://boxd.it/2aWW
2023-10-17,Mission: Impossible – Dead Reckoning,2023,https://boxd.it/l7zS
2023-10-20,Anatomy of a Fall,2023,https://boxd.it/yuDE
2023-10-23,Quantum of Solace,2008,https://boxd.it/1Vs8
2023-10-27,Monster,2004,https://boxd.it/py6Q
2023-10-27,Cowboy Bebop,1998,https://boxd.it/ptES
2023-10-27,Steins;Gate,2011,https://boxd.it/psNE
2023-10-30,The Audition,2015,https://boxd.it/cEHC
2023-10-31,Insidious,2010,https://boxd.it/H4k
2023-11-04,Killers of the Flower Moon,2023,https://boxd.it/gHp0
2023-11-09,Spencer,2021,https://boxd.it/qPMG
2023-11-11,The Killer,2023,https://boxd.it/u6WE
2023-11-12,Feels Good Man,2020,https://boxd.it/oigS
2023-11-15,The Blair Witch Project,1999,https://boxd.it/26ua
2023-11-16,"As Above, So Below",2014,https://boxd.it/7yui
2023-11-20,Pas de Deux,1968,https://boxd.it/4dP4
2023-11-22,Almost Famous,2000,https://boxd.it/29CQ
2023-11-23,Dead Poets Society,1989,https://boxd.it/2aSg
2023-11-23,Dancer in the Dark,2000,https://boxd.it/71E
2023-11-23,Mamma Mia! Here We Go Again,2018,https://boxd.it/gnfO
2023-12-03,Love & Pop,1998,https://boxd.it/2sv0
2023-12-03,Repulsion,1965,https://boxd.it/1TKu
2023-12-04,Foe,2023,https://boxd.it/sy7U
2023-12-09,Christiane F.,1981,https://boxd.it/1YiA
2023-12-09,The Red Light Bandit,1968,https://boxd.it/5ESQ
2023-12-09,May December,2023,https://boxd.it/vEE2
2023-12-10,Mad Max: Fury Road,2015,https://boxd.it/2DjO
2023-12-12,The Turin Horse,2011,https://boxd.it/2Qsk
2023-12-13,To All the Boys: Always and Forever,2021,https://boxd.it/mI1A
2023-12-14,The Prestige,2006,https://boxd.it/293w
2023-12-16,Priscilla,2023,https://boxd.it/Cz3k
2023-12-20,Shadow of the Vampire,2000,https://boxd.it/1Vb2
2023-12-20,Juha,1999,https://boxd.it/sfW
2023-12-22,In the Mood for Love,2000,https://boxd.it/29tE
2023-12-23,GoodFellas,1990,https://boxd.it/29FA
2023-12-24,Killed the Family and Went to the Movies,1969,https://boxd.it/5nxm
2023-12-26,Sallie Gardner at a Gallop,1878,https://boxd.it/5QQi
2023-12-26,Saltburn,2023,https://boxd.it/z4eg
2023-12-30,In the Darkness of Time,2002,https://boxd.it/awaQ
2024-01-01,Oldboy,2003,https://boxd.it/29R2
2024-01-03,Winnie the Pooh: Blood and Honey,2023,https://boxd.it/B1rg
2024-01-06,Blue Velvet,1986,https://boxd.it/29BI
2024-01-07,Phoenix,2014,https://boxd.it/7u46
2024-01-07,Undine,2020,https://boxd.it/mM3K
2024-01-07,John Wick: Chapter 4,2023,https://boxd.it/mh48
2024-01-08,All About Lily Chou-Chou,2001,https://boxd.it/1JP0
2024-01-08,Kendrick Lamar Live: The Big Steppers Tour,2022,https://boxd.it/C3rE
2024-01-08,Sidewalls,2011,https://boxd.it/2EiM
2024-01-08,Wild Tales,2014,https://boxd.it/7UmK
2024-01-08,Argentina 1985,2022,https://boxd.it/qLxM
2024-01-09,Lost Highway,1997,https://boxd.it/29Wc
2024-01-10,Rear Window,1954,https://boxd.it/2a6Q
2024-01-11,Histoire(s) du cinéma,1989,https://boxd.it/Mvuc
2024-01-11,Monster,2023,https://boxd.it/DJEM
2024-01-11,Dallas Buyers Club,2013,https://boxd.it/4O8G
2024-01-11,Happy End,2017,https://boxd.it/dZ2C
2024-01-11,After Hours,1985,https://boxd.it/1VfS
2024-01-11,Fantasmas,2010,https://boxd.it/bkaG
2024-01-12,Afire,2023,https://boxd.it/y06K
2024-01-13,Elephant,2003,https://boxd.it/287i
2024-01-14,Boogie Nights,1997,https://boxd.it/23um
2024-01-17,Millennium Mambo,2001,https://boxd.it/1Tzw
2024-01-23,The Novelist's Film,2022,https://boxd.it/yZX6
2024-01-25,Past Lives,2023,https://boxd.it/oNB8
2024-01-25,The Favourite,2018,https://boxd.it/d2hI
2024-01-27,Girls' Last Tour,2017,https://boxd.it/qDGG
2024-01-28,Society of the Snow,2023,https://boxd.it/y9aw
2024-02-03,Shadows in Paradise,1986,https://boxd.it/73A
2024-02-04,Reality,2023,https://boxd.it/BeLI
2024-02-04,Azumanga Daioh,2002,https://boxd.it/pMu8
2024-02-10,Betty Blue,1986,https://boxd.it/1SBw
2024-02-12,The Holdovers,2023,https://boxd.it/vHza
2024-02-12,Piranha,1978,https://boxd.it/1wTI
2024-02-19,Batman Returns,1992,https://boxd.it/2awa
2024-02-20,Good Will Hunting,1997,https://boxd.it/2ahY
2024-03-03,40 Days and 40 Nights,2002,https://boxd.it/26no
2024-03-04,Poor Things,2023,https://boxd.it/tNWU
2024-03-15,Boyfriends and Girlfriends,1987,https://boxd.it/14C
2024-03-23,Taylor Swift: The Eras Tour,2023,https://boxd.it/HTIi
2024-03-26,Fallen Leaves,2023,https://boxd.it/Bgew
2024-04-08,Corpse Bride,2005,https://boxd.it/24WQ
2024-04-09,Cinema Paradiso,1988,https://boxd.it/1UlA
2024-04-10,Enter the Void,2009,https://boxd.it/1dy2
2024-04-12,La Collectionneuse,1967,https://boxd.it/23Ls
2024-04-14,Haikyu!! The Movie: Battle of Concepts,2017,https://boxd.it/gvOC
2024-04-15,Vertigo,1958,https://boxd.it/2apI
2024-04-16,Perfect Days,2023,https://boxd.it/ATh8
2024-04-19,Drive My Car,2021,https://boxd.it/sv94
2024-04-21,Dune: Part Two,2024,https://boxd.it/pUfA
2024-04-24,Buffalo '66,1998,https://boxd.it/1YC6
2024-05-06,Madonna: The Celebration Tour in Rio,2024,https://boxd.it/MPHg
2024-05-10,Love Lies Bleeding,2024,https://boxd.it/zN4q
2024-05-18,Challengers,2024,https://boxd.it/zld0
2024-05-20,Along the Coast,1958,https://boxd.it/7298
2024-05-22,Last Night in Soho,2021,https://boxd.it/lbJC
2024-05-26,Red Eye,2005,https://boxd.it/1TNy
2024-05-29,The Brown Bunny,2003,https://boxd.it/1RnI
2024-06-03,Inferno,1980,https://boxd.it/1KbK
2024-06-11,Immaculate,2024,https://boxd.it/Douw
2024-06-16,Notting Hill,1999,https://boxd.it/2aeK
2024-06-16,Barbarian,2022,https://boxd.it/yohi
2024-06-18,When Evil Lurks,2023,https://boxd.it/rXBe
2024-06-24,The Others,2001,https://boxd.it/27Po
2024-06-24,Nocturnal Animals,2016,https://boxd.it/bkFu
2024-07-13,Gravity,2013,https://boxd.it/GZY
2024-07-15,Abuse of Weakness,2013,https://boxd.it/5tni
2024-07-22,Am I OK?,2022,https://boxd.it/nPqY
2024-07-28,Burnt,2015,https://boxd.it/9mVg
2024-08-11,The Funeral,1996,https://boxd.it/1BC8
2024-08-19,Rocco and His Brothers,1960,https://boxd.it/20bG
2024-08-19,Opening Night,1977,https://boxd.it/1f4e
2024-08-20,Alien: Romulus,2024,https://boxd.it/zGqO
2024-08-23,Longlegs,2024,https://boxd.it/KzLM
2024-08-26,The Terminator,1984,https://boxd.it/2aQY
2024-08-26,Titanic,1997,https://boxd.it/2a2k
2024-08-26,Avatar,2009,https://boxd.it/1Efm
2024-08-26,Terminator 2: Judgment Day,1991,https://boxd.it/2aGY
2024-08-27,Looking for Mr. Goodbar,1977,https://boxd.it/17BO
2024-09-02,Silvia Prieto,1999,https://boxd.it/EI2
2024-09-02,How to Have Sex,2023,https://boxd.it/EFIM
2024-09-08,Shadows,1958,https://boxd.it/1M9c
2024-09-08,Trap,2024,https://boxd.it/D4nK
2024-09-10,Elevator to the Gallows,1958,https://boxd.it/294u
2024-09-14,Mission: Impossible,1996,https://boxd.it/29d2
2024-09-15,We Are Who We Are,2020,https://boxd.it/n6GW
2024-09-15,Mission: Impossible II,2000,https://boxd.it/29cS
2024-09-21,Mission: Impossible – Ghost Protocol,2011,https://boxd.it/psI
2024-09-27,Blink Twice,2024,https://boxd.it/vIOg
2024-09-30,Le Beau Serge,1958,https://boxd.it/22Vm
2024-09-30,Contact,1997,https://boxd.it/29OM
2024-09-30,The Unbearable Lightness of Being,1988,https://boxd.it/1VKc
2024-09-30,Over the Hedge,2006,https://boxd.it/20QY
2024-09-30,Rise of the Planet of the Apes,2011,https://boxd.it/cS4
2024-09-30,Dawn of the Planet of the Apes,2014,https://boxd.it/3XyQ
2024-09-30,War for the Planet of the Apes,2017,https://boxd.it/8FE2
2024-10-01,Barbara,2012,https://boxd.it/37XY
2024-10-04,Le Trou,1960,https://boxd.it/1nSw
2024-10-07,The Wild Goose Lake,2019,https://boxd.it/l8bs
2024-10-08,First Reformed,2017,https://boxd.it/go9C
2024-10-12,Us,2019,https://boxd.it/gnV6
2024-10-14,A Land Imagined,2018,https://boxd.it/jzLS
2024-10-20,Birth,2004,https://boxd.it/1VvQ
2024-10-24,Purple Noon,1960,https://boxd.it/1WrU
2024-10-25,Daisy Miller,1974,https://boxd.it/23W6
2024-10-30,Venom: Let There Be Carnage,2021,https://boxd.it/llco
2024-11-01,The Love Witch,2016,https://boxd.it/cZie
2024-11-03,Olivia Rodrigo: GUTS World Tour,2024,https://boxd.it/QyZK
2024-11-09,The Untouchables,1987,https://boxd.it/2b6i
2024-11-11,Primer,2004,https://boxd.it/6YA
2024-11-14,MaXXXine,2024,https://boxd.it/CIM4
2024-11-15,The Given Word,1962,https://boxd.it/h6Y
2024-11-16,The Penguin,2024,https://boxd.it/QkIU
2024-11-16,The Double Life of Véronique,1991,https://boxd.it/28va
2024-11-16,The Substance,2024,https://boxd.it/zanS
2024-11-17,Vagabond,1985,https://boxd.it/T0u
2024-11-20,Nymphomaniac,2014,https://boxd.it/B4Le
2024-11-26,Fake Blonde,2007,https://boxd.it/5eHM
2024-11-27,The Skin I Live In,2011,https://boxd.it/99A
2024-11-28,Three... Extremes,2004,https://boxd.it/1eGw
2024-11-30,The Parent Trap,1998,https://boxd.it/1XJq
2024-11-30,Confessions of a Teenage Drama Queen,2004,https://boxd.it/1UyE
2024-11-30,Just My Luck,2006,https://boxd.it/1XgS
2024-12-01,The Babadook,2014,https://boxd.it/77xu
2024-12-03,Rebels of the Neon God,1992,https://boxd.it/mp2
2024-12-05,The Day After,2017,https://boxd.it/g7aI
2024-12-06,In Bed with Victoria,2016,https://boxd.it/d6Za
2024-12-07,Metalworkers,2004,https://boxd.it/7G1I
2024-12-07,Juror #2,2024,https://boxd.it/FRwU
2024-12-08,The Crowded Room,2023,https://boxd.it/GViY
2024-12-08,I'm Still Here,2024,https://boxd.it/BPEO
2024-12-10,Pictures of Ghosts,2023,https://boxd.it/G55S
2024-12-11,Love Streams,1984,https://boxd.it/zOk
2024-12-13,The Cat,1992,https://boxd.it/3TZe
2024-12-15,Sonic the Hedgehog,2020,https://boxd.it/gdK8
2024-12-16,Entranced Earth,1967,https://boxd.it/qkU
2024-12-19,Anora,2024,https://boxd.it/Egcw
2024-12-19,The Color of Pomegranates,1969,https://boxd.it/1u94
2024-12-23,Hot Wheels AcceleRacers: Ignition,2005,https://boxd.it/2nGW
2024-12-27,Sorry to Bother You,2018,https://boxd.it/f21E
2024-12-28,Hot Wheels: World Race,2003,https://boxd.it/Lpm
2024-12-28,The Addiction,1995,https://boxd.it/1cZQ
2025-01-01,The Conversation,1974,https://boxd.it/2a38
2025-01-03,Nosferatu,2024,https://boxd.it/f5eG
2025-01-07,The Nun,1966,https://boxd.it/WbK
2025-01-09,The Pop Out: Ken & Friends,2024,https://boxd.it/NQLK
2025-01-09,Laufey's A Night at the Symphony: Hollywood Bowl,2024,https://boxd.it/QWbE
2025-01-11,The Rogue's Trial,2024,https://boxd.it/FB6Q
2025-01-15,Ema,2019,https://boxd.it/jHWa
2025-01-18,Andrei Rublev,1966,https://boxd.it/29lg
2025-01-18,Memories of Underdevelopment,1968,https://boxd.it/Kos
2025-01-21,La Notte,1961,https://boxd.it/10iU
2025-01-21,Easy Rider,1969,https://boxd.it/29Ys
2025-01-21,Tokyo Story,1953,https://boxd.it/1HuY
2025-01-23,Tess,1979,https://boxd.it/1UAq
2025-01-28,The Last Picture Show,1971,https://boxd.it/1weg
2025-01-28,The Graduate,1967,https://boxd.it/18Im
2025-01-30,Wonka,2023,https://boxd.it/tCQm
2025-02-13,A Brighter Summer Day,1991,https://boxd.it/1Luy
2025-02-14,Rogério Sganzerla Send His Message to Brazil,1991,https://boxd.it/vs4G
2025-02-16,La Dolce Vita,1960,https://boxd.it/2anC
2025-02-18,Haikyu!! the Movie: The End and the Beginning,2015,https://boxd.it/bEcs
2025-02-23,Alice in the Cities,1974,https://boxd.it/27cG
2025-02-25,Shohei Ohtani: Beyond the Dream,2023,https://boxd.it/JhKk
2025-03-07,Freedom Writers,2007,https://boxd.it/28p2
2025-03-14,I Care a Lot,2020,https://boxd.it/mcHk
2025-04-01,"Rome, Open City",1945,https://boxd.it/2aD6
2025-04-01,Journey to Italy,1954,https://boxd.it/26o2
2025-04-01,Stromboli,1950,https://boxd.it/24Js
2025-04-01,"Germany, Year Zero",1948,https://boxd.it/20FG
2025-04-01,Death in Venice,1971,https://boxd.it/21tm
2025-04-01,The Leopard,1963,https://boxd.it/296K
2025-04-01,Theorem,1968,https://boxd.it/237C
2025-04-01,Hiroshima Mon Amour,1959,https://boxd.it/22WY
2025-04-03,Ugetsu,1953,https://boxd.it/1NyM
2025-04-03,Sansho the Bailiff,1954,https://boxd.it/1Dkq
2025-04-21,Sinners,2025,https://boxd.it/KQMM
2025-04-23,Conclave,2024,https://boxd.it/AO8q
2025-04-27,Fargo,1996,https://boxd.it/2aHM
2025-05-21,Mission: Impossible – The Final Reckoning,2025,https://boxd.it/l7A2
2025-05-31,Le Samouraï,1967,https://boxd.it/22ZI
2025-06-02,Bitter Rice,1949,https://boxd.it/1jXs
2025-06-09,The Empire of Desire,1981,https://boxd.it/55bW
2025-06-24,Boiling Point,2021,https://boxd.it/uo2u
2025-09-15,Down with Love,2003,https://boxd.it/1VyA
2025-10-15,Swing Girls,2004,https://boxd.it/1ag0
2025-10-18,Scenes from a Marriage,2021,https://boxd.it/wzSU
2025-11-08,Frankenstein,2025,https://boxd.it/Ecsg
2025-11-08,Guillermo del Toro's Pinocchio,2022,https://boxd.it/kjMW
2025-11-21,After the Hunt,2025,https://boxd.it/Mdra
2026-01-01,The Truth,1960,https://boxd.it/d3Q
2026-01-05,Sentimental Value,2025,https://boxd.it/GwcG
2026-01-07,One Battle After Another,2025,https://boxd.it/DUHM
2026-01-25,Wake Up Dead Man,2025,https://boxd.it/uAKS
2026-01-27,Marty Supreme,2025,https://boxd.it/Off0
2026-02-28,The Tale of The Princess Kaguya,2013,https://boxd.it/4JQI
