Date,Name,Year,Letterboxd URI,Rating
2019-06-14,Neon Genesis Evangelion: The End of Evangelion,1997,https://boxd.it/1GRM,5
2019-06-16,Transformers,2007,https://boxd.it/280c,1
2019-06-16,Transformers: Age of Extinction,2014,https://boxd.it/3d1m,1
2019-06-16,Transformers: Dark of the Moon,2011,https://boxd.it/16aC,0.5
2019-06-16,Transformers: Revenge of the Fallen,2009,https://boxd.it/20gG,0.5
2019-06-16,The Dark Knight,2008,https://boxd.it/2b0k,3.5
2019-06-16,To Kill a Dead Man,1994,https://boxd.it/7hMO,2.5
2019-06-16,The Breakfast Club,1985,https://boxd.it/27q4,3.5
2019-06-16,Far Cry,2008,https://boxd.it/20Kc,0.5
2019-06-16,John Wick,2014,https://boxd.it/7dEc,3
2019-06-16,John Wick: Chapter 2,2017,https://boxd.it/ayGu,4
2019-06-16,Toy Story 3,2010,https://boxd.it/1WRe,4.5
2019-06-16,Toy Story 2,1999,https://boxd.it/29qq,3
2019-06-16,Toy Story,1995,https://boxd.it/29qA,3.5
2019-06-16,The Amazing Spider-Man,2012,https://boxd.it/27PI,2
2019-06-16,The Fast and the Furious,2001,https://boxd.it/1XMu,1
2019-06-16,The Fast and the Furious: Tokyo Drift,2006,https://boxd.it/1Yeo,3.5
2019-06-16,2 Fast 2 Furious,2003,https://boxd.it/2a4g,2
2019-06-16,Fast Five,2011,https://boxd.it/BgO,3
2019-06-16,Jackie Chan: My Story,1998,https://boxd.it/NUw,3
2019-06-16,Drunken Master II,1994,https://boxd.it/1Si0,3.5
2019-06-16,Jackie Chan: My Stunts,1999,https://boxd.it/10Li,3
2019-06-16,Looking for Jackie,2009,https://boxd.it/OXc,3
2019-06-16,Police Story 4: First Strike,1996,https://boxd.it/1YLC,4
2019-06-16,Mr. Bean's Holiday,2007,https://boxd.it/28Yc,2
2019-06-16,Bean,1997,https://boxd.it/28WA,3.5
2019-06-17,Black Mirror: Bandersnatch,2018,https://boxd.it/kTDG,4
2019-06-17,The Avengers,2012,https://boxd.it/1xFW,2
2019-06-17,Avengers: Age of Ultron,2015,https://boxd.it/3qi6,2.5
2019-06-17,Avengers: Endgame,2019,https://boxd.it/9vE4,2.5
2019-06-22,Avengers: Infinity War,2018,https://boxd.it/9vEe,3.5
2019-06-26,Enemy,2013,https://boxd.it/5xtO,3.5
2019-06-29,Spider-Man: Homecoming,2017,https://boxd.it/aboM,3.5
2019-06-29,Toy Story 4,2019,https://boxd.it/9ALu,3.5
2019-07-01,Inception,2010,https://boxd.it/1skk,3.5
2019-07-01,Perfect Blue,1997,https://boxd.it/1W7A,5
2019-07-01,Alien,1979,https://boxd.it/2awY,3
2019-07-01,Interstellar,2014,https://boxd.it/4VZ8,3.5
2019-07-01,Spider-Man: Into the Spider-Verse,2018,https://boxd.it/azpY,4
2019-07-01,Star Wars,1977,https://boxd.it/72s,2.5
2019-07-01,Star Wars: The Force Awakens,2015,https://boxd.it/4vru,3
2019-07-01,Rogue One: A Star Wars Story,2016,https://boxd.it/aPvy,2.5
2019-07-01,Star Wars: The Last Jedi,2017,https://boxd.it/5xme,2.5
2019-07-01,Star Wars: Episode I – The Phantom Menace,1999,https://boxd.it/27Vc,0.5
2019-07-01,Star Wars: Episode III – Revenge of the Sith,2005,https://boxd.it/27US,2
2019-07-01,Star Wars: Episode II – Attack of the Clones,2002,https://boxd.it/27V2,1
2019-07-01,Project X,2012,https://boxd.it/neO,2.5
2019-07-01,Superbad,2007,https://boxd.it/20hO,3
2019-07-01,The Edge of Democracy,2019,https://boxd.it/kLiA,2.5
2019-07-03,The Incredibles,2004,https://boxd.it/1XLm,3
2019-07-03,Incredibles 2,2018,https://boxd.it/7IPg,2.5
2019-07-03,Zootopia,2016,https://boxd.it/84xS,2.5
2019-07-03,Mulan,1998,https://boxd.it/1VFw,4
2019-07-03,Finding Nemo,2003,https://boxd.it/72i,4
2019-07-03,WALL·E,2008,https://boxd.it/1VEo,4
2019-07-03,Tomorrowland,2015,https://boxd.it/4YaC,1
2019-07-03,Django Unchained,2012,https://boxd.it/2cCk,4
2019-07-04,Dunkirk,2017,https://boxd.it/d0Y6,4
2019-07-04,Annabelle Comes Home,2019,https://boxd.it/iU5m,1
2019-07-05,Drive,2011,https://boxd.it/IG,4.5
2019-07-05,The Girl Who Leapt Through Time,2006,https://boxd.it/1OPa,4
2019-07-05,American Psycho,2000,https://boxd.it/28Vs,3.5
2019-07-07,Suspiria,2018,https://boxd.it/cioI,4
2019-07-11,The House That Jack Built,2018,https://boxd.it/dWO4,3
2019-07-16,Green Book,2018,https://boxd.it/hErk,3.5
2019-07-16,Over the Garden Wall,2014,https://boxd.it/eqFw,4.5
2019-07-17,Lady Bird,2017,https://boxd.it/dGNE,3.5
2019-07-17,Birdman or (The Unexpected Virtue of Ignorance),2014,https://boxd.it/5RFA,4
2019-07-17,Boy & the World,2013,https://boxd.it/6CM4,4
2019-07-19,Funny Games,1997,https://boxd.it/1WKM,4
2019-07-19,The Wolf of Wall Street,2013,https://boxd.it/3C1m,4.5
2019-07-19,Captain Marvel,2019,https://boxd.it/9vSA,3
2019-07-21,The Social Network,2010,https://boxd.it/17ue,3.5
2019-07-24,Inglourious Basterds,2009,https://boxd.it/1JzG,4
2019-07-26,Suspiria,1977,https://boxd.it/1SNW,4
2019-07-26,A Goofy Angel,2000,https://boxd.it/imjk,0.5
2019-07-26,The Secret of Princess Lili,2007,https://boxd.it/jHX8,0.5
2019-07-26,Riding the Yeah-Yeah-Yeah Wave,1966,https://boxd.it/4zWm,0.5
2019-07-26,The Island of the Flirters,1970,https://boxd.it/5KRY,0.5
2019-07-26,Adorable Trapalhão,1967,https://boxd.it/8SJu,0.5
2019-07-26,Two in the Ring,1968,https://boxd.it/5KSs,0.5
2019-07-26,Didi and the Secret of the Angels,2014,https://boxd.it/a4yA,0.5
2019-07-26,Bonga the Vagabond,1969,https://boxd.it/5Kei,0.5
2019-07-26,Sinbad - The Trapalhão Sailor,1976,https://boxd.it/epAU,0.5
2019-07-26,Aladdin and the Wonderful Lamp,1973,https://boxd.it/4zV4,0.5
2019-07-26,Robin Hood - The Trapalhão of the Forest,1974,https://boxd.it/elk4,0.5
2019-07-26,The King and the Trapalhões,1979,https://boxd.it/9Gau,0.5
2019-07-26,The Goofy Ghosts,1987,https://boxd.it/4jmi,0.5
2019-07-26,The Goofy Heroes: An Adventure in the Jungle,1988,https://boxd.it/3se6,0.5
2019-07-26,The Trapalhão in the Plateau of the Apes,1976,https://boxd.it/7hei,0.5
2019-07-26,The Tumbling Trapalhões: Heading to Hollywood,2017,https://boxd.it/fgHk,0.5
2019-07-26,The Daughter of the Trapalhões,1984,https://boxd.it/9V0u,0.5
2019-07-26,The Trapalhões in the Tail of the Comet,1986,https://boxd.it/4EzC,0.5
2019-07-26,The Trapalhões in the Kingdom of Fantasy,1985,https://boxd.it/4jms,0.5
2019-07-26,The Trapalhão and the Blue Light,1999,https://boxd.it/4cqs,0.5
2019-07-26,The Trapalhões in Serra Pelada,1982,https://boxd.it/4zVy,0.5
2019-07-26,The Knight Didi and the Princess Lili,2006,https://boxd.it/4Ezi,0.5
2019-07-26,The Mystery of Robin Hood,1990,https://boxd.it/4EyY,0.5
2019-07-26,A Messed-Up School,1990,https://boxd.it/4AJo,0.5
2019-07-26,The Trapalhões in the Land of Monsters,1989,https://boxd.it/5jbG,0.5
2019-07-26,The Trapalhões in A Dog's Will,1987,https://boxd.it/4jm8,0.5
2019-07-26,The Wedding of the Trapalhões,1988,https://boxd.it/38Km,0.5
2019-07-26,The Trapalhões and the Tree of Youth,1991,https://boxd.it/4jvk,0.5
2019-07-26,The Trapalhões in the War of the Planets,1978,https://boxd.it/XsC,0.5
2019-07-26,Didi - The Treasure Raider,2006,https://boxd.it/79zC,0.5
2019-07-26,Ali Babá e os Quarenta Ladrões,1972,https://boxd.it/4zVe,0.5
2019-07-26,The Trapalhão in Noah's Ark,1983,https://boxd.it/8lBi,0.5
2019-07-26,The Magical World of the Trapalhões,1981,https://boxd.it/b140,0.5
2019-07-26,The Trapalhão in Treasure Island,1975,https://boxd.it/5jlc,0.5
2019-07-26,The Three Goofy Musketeers,1980,https://boxd.it/5jlQ,0.5
2019-07-26,The Cinderelo Trapalhão,1979,https://boxd.it/5jma,0.5
2019-07-26,The Warrior Didi and the Ninja Lili,2008,https://boxd.it/6Pb6,0.5
2019-07-26,The Goofy Bandit,1983,https://boxd.it/7mCY,0.5
2019-07-26,The Incredible Goofy Monster,1980,https://boxd.it/4zR2,0.5
2019-07-26,The Goofy Vagabonds,1982,https://boxd.it/5jlm,0.5
2019-07-26,The Trapalhões and the King of Football,1986,https://boxd.it/5wyo,0.5
2019-07-26,The Trapalhão in King Solomon's Mines,1977,https://boxd.it/4zVI,0.5
2019-07-26,The Trapalhões and the Wizard of Oróz,1984,https://boxd.it/44tS,0.5
2019-07-26,The Rebel Novice,1997,https://boxd.it/7tEs,0.5
2019-07-26,Didi - The Goofy Cupid,2003,https://boxd.it/79TW,0.5
2019-07-26,The Tumbling Trapalhões,1981,https://boxd.it/38Gu,0.5
2019-07-26,Didi Wanna Be a Kid,2004,https://boxd.it/7wEA,0.5
2019-07-26,The Princess Xuxa and the Trapalhões,1989,https://boxd.it/44to,1
2019-07-26,Simão - The Goofy Ghost,1998,https://boxd.it/4cqM,0.5
2019-07-26,Bee Movie,2007,https://boxd.it/22Vw,3.5
2019-07-26,Shrek Forever After,2010,https://boxd.it/1WRo,4
2019-07-26,Shrek 2,2004,https://boxd.it/29z8,4.5
2019-07-26,Shrek the Third,2007,https://boxd.it/29yY,2
2019-07-26,Shrek,2001,https://boxd.it/29zi,3
2019-07-26,Loving Vincent,2017,https://boxd.it/biIQ,3
2019-07-26,Norbit,2007,https://boxd.it/1XSM,3
2019-07-26,The Man Who Saved the World,1982,https://boxd.it/1CTO,2.5
2019-07-26,Ratatouille,2007,https://boxd.it/27ww,4.5
2019-07-26,A Dog's Will,2000,https://boxd.it/12u4,4.5
2019-07-26,Cowboy Bebop: The Movie,2001,https://boxd.it/1Uc4,4.5
2019-07-27,Akira,1988,https://boxd.it/2b1i,4.5
2019-07-29,Gummo,1997,https://boxd.it/1H0Y,2
2019-07-30,Climax,2018,https://boxd.it/ikvo,3.5
2019-07-30,Halloween,1978,https://boxd.it/2wRu,4.5
2019-08-03,Fast & Furious Presents: Hobbs & Shaw,2019,https://boxd.it/dnDA,2
2019-08-09,BlacKkKlansman,2018,https://boxd.it/hxL8,4
2019-08-12,A Quiet Place,2018,https://boxd.it/fVJQ,3
2019-08-19,Scary Stories to Tell in the Dark,2019,https://boxd.it/eJTW,1.5
2019-08-21,I Spit on Your Grave,2010,https://boxd.it/Tbs,1
2019-08-23,Suicide Squad,2016,https://boxd.it/9row,1
2019-08-23,The Kissing Booth,2018,https://boxd.it/geR0,2
2019-08-23,Bird Box,2018,https://boxd.it/eh1i,2.5
2019-08-23,Vice,2018,https://boxd.it/fcFY,4.5
2019-08-24,La La Land,2016,https://boxd.it/a5fa,4.5
2019-08-24,Assassin's Creed,2016,https://boxd.it/41IK,1.5
2019-08-24,Wreck-It Ralph,2012,https://boxd.it/2TTS,3
2019-08-24,Hansel & Gretel: Witch Hunters,2013,https://boxd.it/gmw,0.5
2019-08-25,Whiplash,2014,https://boxd.it/7bQA,4.5
2019-08-25,Spotlight,2015,https://boxd.it/a84k,4
2019-08-26,Confessions of a Brazilian Call Girl,2011,https://boxd.it/kQ6,3
2019-08-26,Me Before You,2016,https://boxd.it/9n98,2.5
2019-08-28,Parasite,2019,https://boxd.it/hTha,4.5
2019-08-29,John Wick: Chapter 3 – Parabellum,2019,https://boxd.it/gmFw,4.5
2019-09-03,Spirited Away,2001,https://boxd.it/2b4m,4.5
2019-09-09,The Dark Knight Rises,2012,https://boxd.it/H3m,3.5
2019-09-28,Yesterday,2019,https://boxd.it/iF7M,3.5
2019-10-06,Roger Waters: The Wall,2014,https://boxd.it/950s,0.5
2019-10-06,The Amazing Spider-Man 2,2014,https://boxd.it/3utM,4
2019-10-06,Batman v Superman: Dawn of Justice,2016,https://boxd.it/6fBW,1
2019-10-06,Spider-Man 2,2004,https://boxd.it/2a88,4
2019-10-13,The Hangover Part II,2011,https://boxd.it/PZI,0.5
2019-10-13,The Hangover Part III,2013,https://boxd.it/3GNY,0.5
2019-10-13,The Last Hangover,2018,https://boxd.it/kZ9W,0.5
2019-10-13,Joker,2019,https://boxd.it/h4cS,4
2019-10-17,Taxi Driver,1976,https://boxd.it/2b8y,4.5
2019-11-03,Howl's Moving Castle,2004,https://boxd.it/23De,5
2020-01-16,Marriage Story,2019,https://boxd.it/hJAw,4.5
2020-02-09,The Two Popes,2019,https://boxd.it/k8Xk,4
2020-02-18,1917,2019,https://boxd.it/jj4y,4.5
2020-06-04,Columbus,2017,https://boxd.it/eCuA,2.5
2020-06-04,Audition,1999,https://boxd.it/1UHm,3
2020-06-04,Lords of Chaos,2018,https://boxd.it/f5no,2
2020-06-04,Ginger Snaps,2000,https://boxd.it/1XEg,2
2020-06-29,Benny's Video,1992,https://boxd.it/27Hk,2.5
2020-07-19,Scream,1996,https://boxd.it/24EC,3.5
2020-07-21,Scream 3,2000,https://boxd.it/24Ei,3
2020-07-22,Scream 4,2011,https://boxd.it/Zmc,2.5
2020-07-23,Hereditary,2018,https://boxd.it/hNVe,4
2020-07-25,Persona,1966,https://boxd.it/29B4,5
2020-09-15,10 Things I Hate About You,1999,https://boxd.it/23AO,5
2020-10-27,Ford v Ferrari,2019,https://boxd.it/ce74,3
2020-12-17,Belladonna of Sadness,1973,https://boxd.it/2q,5
2021-01-06,"As I Was Moving Ahead, Occasionally I Saw Brief Glimpses of Beauty",2000,https://boxd.it/4gcu,1
2021-01-06,Stellar,1993,https://boxd.it/48Ra,2.5
2021-01-18,The Thing,1982,https://boxd.it/294O,4.5
2021-01-18,Titicut Follies,1967,https://boxd.it/ZVc,3
2021-08-04,City of God,2002,https://boxd.it/2a2a,5
2021-09-03,Aquarius,2016,https://boxd.it/d6YQ,2.5
2021-10-05,The Texas Chain Saw Massacre,1974,https://boxd.it/1lcS,4.5
2021-10-24,Logan,2017,https://boxd.it/7Piy,4.5
2021-10-25,The Lighthouse,2019,https://boxd.it/icFU,4.5
2021-10-30,The King,2019,https://boxd.it/ieZs,3
2021-10-31,Portrait of a Lady on Fire,2019,https://boxd.it/jkPq,4.5
2022-01-02,Don't Look Up,2021,https://boxd.it/o0Hc,3
2022-01-10,The Matrix Resurrections,2021,https://boxd.it/n87k,3.5
2022-01-30,All About My Mother,1999,https://boxd.it/2b9c,4.5
2022-01-31,Encanto,2021,https://boxd.it/kPRu,4
2022-02-02,Scarface,1983,https://boxd.it/2b7g,4.5
2022-02-02,Ponyo,2008,https://boxd.it/1S0A,4.5
2022-02-02,Finding Dory,2016,https://boxd.it/4aAA,3.5
2022-02-02,Baby Driver,2017,https://boxd.it/bhF2,4
2022-02-02,Ant-Man,2015,https://boxd.it/3vmW,3
2022-02-02,It,2017,https://boxd.it/bC8e,3.5
2022-02-02,To All the Boys I've Loved Before,2018,https://boxd.it/gHec,3
2022-02-02,Iron Man 2,2010,https://boxd.it/1WZM,3
2022-02-02,Fast & Furious 6,2013,https://boxd.it/2UG6,2.5
2022-02-02,Captain America: The Winter Soldier,2014,https://boxd.it/3r58,3.5
2022-02-02,Once Upon a Time... in Hollywood,2019,https://boxd.it/gH0O,3.5
2022-02-02,Se7en,1995,https://boxd.it/29zs,4.5
2022-02-02,The Trial of the Chicago 7,2020,https://boxd.it/kn3w,3
2022-02-02,Cars,2006,https://boxd.it/29ho,3.5
2022-02-07,Zodiac,2007,https://boxd.it/27MO,4.5
2022-02-09,Normal People,2020,https://boxd.it/q2VY,4.5
2022-02-10,CODA,2021,https://boxd.it/tbf4,4.5
2022-02-10,Nightcrawler,2014,https://boxd.it/780m,4.5
2022-02-10,13,2010,https://boxd.it/QD4,2
2022-02-10,Radiohead: In Rainbows - From the Basement,2008,https://boxd.it/g7G,4.5
2022-02-10,The Butterfly Effect,2004,https://boxd.it/27M0,3
2022-02-10,Cruella,2021,https://boxd.it/bbKg,3.5
2022-02-12,"The French Dispatch of the Liberty, Kansas Evening Sun",2021,https://boxd.it/jLP8,3.5
2022-02-17,Bad Education,2019,https://boxd.it/jiME,3
2022-03-19,Free Guy,2021,https://boxd.it/k8dm,2.5
2022-03-21,"tick, tick... BOOM!",2021,https://boxd.it/jz2e,3.5
2022-03-21,The Lost Daughter,2021,https://boxd.it/kgww,3.5
2022-03-23,The Hand of God,2021,https://boxd.it/r5uI,3
2022-03-23,King Richard,2021,https://boxd.it/mJZ2,4
2022-03-23,Three Songs for Benazir,2021,https://boxd.it/v9Rk,2.5
2022-03-26,The Greatest Showman,2017,https://boxd.it/acjI,3
2022-03-27,Belfast,2021,https://boxd.it/tefG,4
2022-03-27,Nightmare Alley,2021,https://boxd.it/m0HC,3
2022-03-29,Serial Experiments Lain,1998,https://boxd.it/hYQE,4
2022-03-29,Skyfall,2012,https://boxd.it/17Fc,4
2022-03-29,Spectre,2015,https://boxd.it/6bXY,3
2022-03-29,Casino Royale,2006,https://boxd.it/1alk,4.5
2022-03-30,No Time to Die,2021,https://boxd.it/cPX2,3.5
2022-03-30,The Handmaiden,2016,https://boxd.it/948A,4
2022-04-04,The Terminal,2004,https://boxd.it/2a2O,4
2022-04-16,Starstruck,2010,https://boxd.it/1cjq,4
2022-04-16,The Witch,2015,https://boxd.it/9X0m,4
2022-04-19,Fight Club,1999,https://boxd.it/2a9q,4.5
2022-04-22,The SpongeBob SquarePants Movie,2004,https://boxd.it/1SYq,4
2022-05-31,The Green Knight,2021,https://boxd.it/kuy2,3.5
2022-06-19,EuroTrip,2004,https://boxd.it/1YTQ,4
2022-06-20,Rio,2011,https://boxd.it/NKc,2.5
2022-06-20,Night at the Museum,2006,https://boxd.it/28wi,2
2022-06-20,Grown Ups,2010,https://boxd.it/169a,2
2022-06-20,Grown Ups 2,2013,https://boxd.it/3GAq,1.5
2022-06-20,Big Hero 6,2014,https://boxd.it/5rje,4
2022-06-20,"Monsters, Inc.",2001,https://boxd.it/2a46,4.5
2022-06-20,Alice in Wonderland,2010,https://boxd.it/1Spq,1
2022-06-20,Frozen,2013,https://boxd.it/3GNa,2
2022-06-20,The Emperor's New Groove,2000,https://boxd.it/1Tey,2
2022-06-20,Beauty and the Beast,1991,https://boxd.it/1XhG,3.5
2022-06-20,Monster House,2006,https://boxd.it/1Z2e,3
2022-06-20,Fantastic Four: Rise of the Silver Surfer,2007,https://boxd.it/27Ii,0.5
2022-06-20,Stuart Little,1999,https://boxd.it/1WZW,2
2022-06-20,Lilo & Stitch,2002,https://boxd.it/1TAY,4
2022-06-22,Annabelle: Creation,2017,https://boxd.it/dSxe,1
2022-06-22,Annabelle,2014,https://boxd.it/7l84,1
2022-06-22,The Purge,2013,https://boxd.it/4Xg0,1
2022-06-22,Blue Is the Warmest Color,2013,https://boxd.it/4O40,0.5
2022-06-28,Top Gun: Maverick,2022,https://boxd.it/cjr4,4.5
2022-07-11,The Nightingale,2018,https://boxd.it/e1Ga,3.5
2022-07-12,Princess Mononoke,1997,https://boxd.it/2b4w,5
2022-07-12,Soul,2020,https://boxd.it/ioLA,4.5
2022-07-12,Mussum: Um Filme do Cacildis,2019,https://boxd.it/kKdk,4
2022-07-12,Me and Earl and the Dying Girl,2015,https://boxd.it/9SAE,3
2022-07-20,The Black Phone,2021,https://boxd.it/sqFE,3
2022-07-29,Doctor Strange in the Multiverse of Madness,2022,https://boxd.it/gaTc,4
2022-07-29,Marley & Me,2008,https://boxd.it/1Ola,3
2022-09-08,Where the Wild Things Are,2009,https://boxd.it/1K0C,0.5
2022-10-30,It Follows,2014,https://boxd.it/87wo,4
2022-11-27,Pearl,2022,https://boxd.it/zPbe,3.5
2022-11-28,X,2022,https://boxd.it/sxVa,2.5
2022-11-29,The Worst Person in the World,2021,https://boxd.it/oyws,3.5
2022-11-30,Cure,1997,https://boxd.it/1blA,4.5
2022-12-02,Mirror,1975,https://boxd.it/28Q8,5
2022-12-05,Aftersun,2022,https://boxd.it/Arw0,4.5
2022-12-07,The Nun,2018,https://boxd.it/fBkw,2
2022-12-18,Divergent,2014,https://boxd.it/4VT0,1
2022-12-18,Unfriended,2014,https://boxd.it/8sXg,1.5
2022-12-18,Fantastic Four,2005,https://boxd.it/1XVw,1
2022-12-18,Scooby-Doo,2002,https://boxd.it/1YaQ,2
2022-12-18,Monsters vs Aliens,2009,https://boxd.it/1M50,2
2022-12-18,Legend of the Guardians: The Owls of Ga'Hoole,2010,https://boxd.it/ZUy,2
2022-12-18,Chicken Little,2005,https://boxd.it/1Xnu,2
2022-12-18,X-Men Origins: Wolverine,2009,https://boxd.it/27ug,0.5
2022-12-18,Ocean Waves,1993,https://boxd.it/1CtQ,4
2022-12-31,Glass Onion,2022,https://boxd.it/oCkK,3
2023-01-01,Masculin Féminin,1966,https://boxd.it/23UY,4
2023-01-05,The Menu,2022,https://boxd.it/lScm,3
2023-01-27,Raw,2016,https://boxd.it/dLd2,3
2023-01-28,Laura Hasn't Slept,2020,https://boxd.it/pJQU,3
2023-01-28,A Woman Is a Woman,1961,https://boxd.it/1iUC,3.5
2023-01-28,Hello Cubans,1963,https://boxd.it/4BC4,4
2023-01-28,The Imitation Game,2014,https://boxd.it/6aig,3
2023-01-28,The Queen's Gambit,2020,https://boxd.it/s1Ym,4
2023-01-28,Happy Death Day,2017,https://boxd.it/fDz4,0.5
2023-01-28,Blair Witch,2016,https://boxd.it/bO28,1
2023-01-28,Percy Jackson: Sea of Monsters,2013,https://boxd.it/2D8m,0.5
2023-01-28,The Bling Ring,2013,https://boxd.it/3lPY,2.5
2023-01-28,Cars 2,2011,https://boxd.it/H4Y,4
2023-01-28,Megamind,2010,https://boxd.it/16Sk,3
2023-01-28,Tangled,2010,https://boxd.it/15gO,2
2023-01-28,Cold Tropics,2009,https://boxd.it/5wXS,4
2023-01-30,Playing,2007,https://boxd.it/33Oe,4.5
2023-01-30,Lost in Translation,2003,https://boxd.it/2b0E,4
2023-01-30,Ghost in the Shell,1995,https://boxd.it/1YYc,4.5
2023-02-11,Twin Peaks: Fire Walk with Me,1992,https://boxd.it/27Qw,4.5
2023-02-13,The Little Soldier,1963,https://boxd.it/CRm,3
2023-02-14,Harry Potter and the Deathly Hallows: Part 1,2010,https://boxd.it/1RYu,3
2023-02-14,Harry Potter and the Deathly Hallows: Part 2,2011,https://boxd.it/1RYk,3
2023-02-21,Her,2013,https://boxd.it/4O24,4
2023-02-23,Get Out,2017,https://boxd.it/eOCm,3
2023-02-24,Knives Out,2019,https://boxd.it/jWEA,4.5
2023-02-25,Gone Girl,2014,https://boxd.it/6hQu,4.5
2023-02-26,The Godfather,1972,https://boxd.it/2aNK,5
2023-02-28,Dracula,2020,https://boxd.it/ozuM,4
2023-03-05,Spider-Man,2002,https://boxd.it/2a8i,4
2023-03-12,Spider-Man 3,2007,https://boxd.it/2a7Y,4
2023-03-19,The Seventh Seal,1957,https://boxd.it/2ahO,4.5
2023-03-21,Mr. Popper's Penguins,2011,https://boxd.it/kRS,2
2023-03-21,Death Note,2017,https://boxd.it/bOS4,1
2023-03-21,Halloween,2018,https://boxd.it/f0uE,2.5
2023-03-21,Thor,2011,https://boxd.it/1WQU,1.5
2023-03-21,Jack and Jill,2011,https://boxd.it/2pQu,0.5
2023-03-21,Mulan,2020,https://boxd.it/bbK6,1
2023-03-21,Don't Breathe,2016,https://boxd.it/9yzw,2.5
2023-03-21,Tenet,2020,https://boxd.it/leq4,3
2023-03-21,World War Z,2013,https://boxd.it/2p2E,1.5
2023-03-21,It Chapter Two,2019,https://boxd.it/h10u,1.5
2023-03-21,Now You See Me,2013,https://boxd.it/2Bsu,1
2023-03-21,Zombieland,2009,https://boxd.it/1En6,2.5
2023-03-21,Now You See Me 2,2016,https://boxd.it/99fw,1
2023-03-21,2012,2009,https://boxd.it/1OE2,1
2023-03-21,Mama,2013,https://boxd.it/4i9s,1.5
2023-03-21,Donnie Darko,2001,https://boxd.it/2b2A,3.5
2023-03-21,Inferno,2016,https://boxd.it/6dMS,2
2023-03-21,The Da Vinci Code,2006,https://boxd.it/2a3i,2
2023-03-21,Angels & Demons,2009,https://boxd.it/1Q9K,3
2023-03-21,Apollo 13,1995,https://boxd.it/2a6G,3
2023-03-21,Amiga do Inimigo,2020,https://boxd.it/qPJM,0.5
2023-03-21,365 Days,2020,https://boxd.it/oJ9O,0.5
2023-03-21,A Serbian Film,2010,https://boxd.it/2wBc,0.5
2023-03-21,The DUFF,2015,https://boxd.it/8eP8,1
2023-03-21,The Emoji Movie,2017,https://boxd.it/d9x4,1
2023-03-21,Cyberbully,2011,https://boxd.it/2syS,1
2023-03-21,Spy Kids,2001,https://boxd.it/1Xcw,3
2023-03-21,Whisper of the Heart,1995,https://boxd.it/17uy,4.5
2023-03-23,La Chinoise,1967,https://boxd.it/28rC,3.5
2023-03-26,Cinderella,2021,https://boxd.it/lSCY,0.5
2023-03-26,Pitch Perfect 3,2017,https://boxd.it/bUre,1.5
2023-03-26,Bohemian Rhapsody,2018,https://boxd.it/f1TK,1.5
2023-03-27,Crash,1996,https://boxd.it/29n2,4
2023-03-27,Acústico MTV,1998,https://boxd.it/11tk,4.5
2023-03-27,Acústico MTV,1992,https://boxd.it/11Na,4.5
2023-03-29,Dogtooth,2009,https://boxd.it/158K,3.5
2023-04-25,Yi Yi,2000,https://boxd.it/1vCw,4.5
2023-04-26,Shiva Baby,2020,https://boxd.it/oIv0,3.5
2023-04-28,Little Women,2019,https://boxd.it/aSVk,3.5
2023-04-30,The Hunger Games: Catching Fire,2013,https://boxd.it/3sAw,3.5
2023-04-30,Black Bear,2020,https://boxd.it/n8ru,4
2023-05-02,The Godfather Part II,1974,https://boxd.it/2aNq,5
2023-05-02,Fallen Angels,1995,https://boxd.it/1UkW,4
2023-05-02,Chungking Express,1994,https://boxd.it/1UDa,5
2023-05-05,La Cérémonie,1995,https://boxd.it/287C,4.5
2023-05-06,Evil Dead Rise,2023,https://boxd.it/qIvo,3.5
2023-05-07,Contempt,1963,https://boxd.it/2aJe,4
2023-05-09,The 5th Wave,2016,https://boxd.it/9wbi,0.5
2023-05-09,Guardians of the Galaxy,2014,https://boxd.it/3VH2,4
2023-05-09,How to Train Your Dragon 2,2014,https://boxd.it/2TRW,3
2023-05-09,The Conjuring,2013,https://boxd.it/4sr2,3
2023-05-09,Head Over Heels 2,2012,https://boxd.it/53dw,1
2023-05-09,The Twilight Saga: Breaking Dawn – Part 2,2012,https://boxd.it/DdC,1
2023-05-09,The Hobbit: An Unexpected Journey,2012,https://boxd.it/GZk,2.5
2023-05-09,The Twilight Saga: Breaking Dawn – Part 1,2011,https://boxd.it/DdM,1
2023-05-09,Diary of a Wimpy Kid: Rodrick Rules,2011,https://boxd.it/gm2,2
2023-05-09,TRON: Legacy,2010,https://boxd.it/1Dlo,3
2023-05-09,Fullmetal Alchemist: Brotherhood,2009,https://boxd.it/ptii,4.5
2023-05-09,Up,2009,https://boxd.it/1OEc,4.5
2023-05-09,Saw V,2008,https://boxd.it/1SMa,2
2023-05-09,Psycho,1960,https://boxd.it/2ab2,4
2023-05-09,Paprika,2006,https://boxd.it/23wW,4
2023-05-09,Interstella 5555: The 5tory of the 5ecret 5tar 5ystem,2003,https://boxd.it/1ULy,5
2023-05-09,Pokémon: The First Movie,1998,https://boxd.it/1WLA,4
2023-05-09,Devilman Crybaby,2018,https://boxd.it/muwa,2
2023-05-09,Pierrot le Fou,1965,https://boxd.it/26j2,5
2023-05-14,TÁR,2022,https://boxd.it/uNIA,3.5
2023-05-21,The Batman,2022,https://boxd.it/eDGs,5
2023-05-24,Pulse,2001,https://boxd.it/1s3y,4
2023-06-08,Spider-Man: Across the Spider-Verse,2023,https://boxd.it/kSz4,4.5
2023-06-08,Incendies,2010,https://boxd.it/Msm,5
2023-06-09,Prisoners,2013,https://boxd.it/4E5i,4
2023-06-11,Black Swan,2010,https://boxd.it/Sw0,4
2023-06-12,Mulholland Drive,2001,https://boxd.it/297o,5
2023-06-13,Possession,1981,https://boxd.it/1BPm,4
2023-06-14,The Task,2011,https://boxd.it/qP4,0.5
2023-06-14,Nosso Querido Trapalhão,2010,https://boxd.it/pe6c,0.5
2023-06-14,Show 50 Anos,2015,https://boxd.it/rnNe,0.5
2023-06-14,Celebração - 100 Anos do Cinema Nacional,1997,https://boxd.it/xBGS,0.5
2023-06-14,Dossiê: No Céu Tem Pão?,2013,https://boxd.it/zwnq,0.5
2023-06-14,Didi the Pilgrim,2013,https://boxd.it/uTCI,0.5
2023-06-14,Twenty Years Later,1984,https://boxd.it/33Oo,4
2023-06-14,Cries and Whispers,1972,https://boxd.it/1WK8,5
2023-06-16,Artificial Paradises,2012,https://boxd.it/3N68,0.5
2023-06-16,Cats,2019,https://boxd.it/jydK,1
2023-06-16,Love Actually,2003,https://boxd.it/2aeU,1
2023-06-16,Baywatch,2017,https://boxd.it/biG6,0.5
2023-06-16,G-Force,2009,https://boxd.it/1ETc,4.5
2023-06-16,Joy,2015,https://boxd.it/8kEU,1
2023-06-16,Dumbo,2019,https://boxd.it/aNYI,1
2023-06-16,Zoolander,2001,https://boxd.it/1YMA,3
2023-06-16,The Lorax,2012,https://boxd.it/2w9M,1.5
2023-06-16,Neighbors 2: Sorority Rising,2016,https://boxd.it/aA80,1
2023-06-16,Frances Ha,2012,https://boxd.it/41Xg,4
2023-06-17,Kung Fu Panda 3,2016,https://boxd.it/4uRQ,3.5
2023-06-17,Kung Fu Panda,2008,https://boxd.it/1Yws,3
2023-06-17,The Muppets,2011,https://boxd.it/1zg,4
2023-06-17,Ouija,2014,https://boxd.it/77SM,0.5
2023-06-17,Pitch Perfect 2,2015,https://boxd.it/7tNa,2
2023-06-17,Head Over Heels,2010,https://boxd.it/bZ4,1
2023-06-20,The Boss Baby,2017,https://boxd.it/9mfO,1
2023-06-20,Vampires Suck,2010,https://boxd.it/125y,1
2023-06-20,Monsters University,2013,https://boxd.it/bQm,3
2023-06-20,Mission: Impossible III,2006,https://boxd.it/29cI,3
2023-06-20,X-Men: Days of Future Past,2014,https://boxd.it/4aRw,3.5
2023-06-20,The Dictator,2012,https://boxd.it/2DEW,0.5
2023-06-20,Hulk,2003,https://boxd.it/27PS,2
2023-06-20,Before Sunrise,1995,https://boxd.it/2bcU,5
2023-06-21,Decision to Leave,2022,https://boxd.it/qp9e,4.5
2023-06-22,On the Beach at Night Alone,2017,https://boxd.it/fqEK,4
2023-06-23,Hotel by the River,2018,https://boxd.it/juVI,4
2023-06-24,Black Mirror: Joan Is Awful,2023,https://boxd.it/GWmi,3
2023-06-24,Black Mirror: Loch Henry,2023,https://boxd.it/H7Pg,3.5
2023-06-25,Good Time,2017,https://boxd.it/fcFu,4
2023-06-26,Before Sunset,2004,https://boxd.it/2bcg,4.5
2023-06-27,Before Midnight,2013,https://boxd.it/4ive,3.5
2023-06-28,Alphaville,1965,https://boxd.it/20AG,4
2023-07-04,Everything Everywhere All at Once,2022,https://boxd.it/jUk4,4
2023-07-04,Spider-Man: No Way Home,2021,https://boxd.it/nwRw,4
2023-07-04,Parallel Mothers,2021,https://boxd.it/sOP4,3.5
2023-07-04,Uncut Gems,2019,https://boxd.it/gXGc,4.5
2023-07-04,Midsommar,2019,https://boxd.it/jhxe,3.5
2023-07-05,Bones and All,2022,https://boxd.it/tLd4,3
2023-07-06,2 or 3 Things I Know About Her,1967,https://boxd.it/20Am,3.5
2023-07-06,Vivre Sa Vie,1962,https://boxd.it/28s6,4.5
2023-07-07,Sicario,2015,https://boxd.it/8i7u,4.5
2023-07-08,La Haine,1995,https://boxd.it/2as8,5
2023-07-08,The Game,1997,https://boxd.it/26vC,5
2023-07-09,Cléo from 5 to 7,1962,https://boxd.it/2agm,5
2023-07-09,Arrival,2016,https://boxd.it/aNGk,4.5
2023-07-22,Fantastic Planet,1973,https://boxd.it/1KnQ,4
2023-07-22,Oppenheimer,2023,https://boxd.it/wUow,4
2023-07-22,Speed Racer,2008,https://boxd.it/20UQ,2.5
2023-07-22,Dear John,2010,https://boxd.it/1zO2,1
2023-07-22,Nickelodeon's Ho Ho Holiday Special,2015,https://boxd.it/cTf4,0.5
2023-07-22,The Package,2018,https://boxd.it/ibD4,1
2023-07-22,Fifty Shades of Black,2016,https://boxd.it/bPvg,1
2023-07-22,Batman Forever,1995,https://boxd.it/2ara,1.5
2023-07-22,Internet - The Movie,2017,https://boxd.it/ffk0,0.5
2023-07-23,Ant-Man and the Wasp: Quantumania,2023,https://boxd.it/nL2y,2
2023-07-23,Halloween Ends,2022,https://boxd.it/mO8M,2.5
2023-07-23,Scream VI,2023,https://boxd.it/zdfW,3
2023-07-23,Mortal Kombat,1995,https://boxd.it/1YZY,1
2023-07-23,Happy Feet,2006,https://boxd.it/1XH0,2.5
2023-07-23,Jackass Presents: Bad Grandpa,2013,https://boxd.it/6e3u,2
2023-07-23,Jackass Forever,2022,https://boxd.it/opUg,0.5
2023-07-23,Jackass: The Movie,2002,https://boxd.it/1Zo0,0.5
2023-07-23,Jackass Number Two,2006,https://boxd.it/1SyM,0.5
2023-07-23,Jackass 4.5,2022,https://boxd.it/vfTm,0.5
2023-07-23,Jackass 3D,2010,https://boxd.it/1KpM,0.5
2023-07-23,Jackass 3.5,2011,https://boxd.it/2Ak,0.5
2023-07-23,Independence Day,1996,https://boxd.it/2a1w,2
2023-07-23,The Dirt,2019,https://boxd.it/aGN4,0.5
2023-07-23,Jackass 2.5,2007,https://boxd.it/1OEw,0.5
2023-07-23,Jackass Presents: Bad Grandpa .5,2014,https://boxd.it/8iwu,0.5
2023-07-23,Resident Evil: Apocalypse,2004,https://boxd.it/28yS,1
2023-07-23,Noah,2014,https://boxd.it/34QA,2
2023-07-23,Flubber,1997,https://boxd.it/1YkQ,1
2023-07-23,Sin City: A Dame to Kill For,2014,https://boxd.it/2aV0,2.5
2023-07-23,How the Grinch Stole Christmas,2000,https://boxd.it/1ZHQ,3
2023-07-23,Scary Movie,2000,https://boxd.it/24CG,2.5
2023-07-23,Herbie Fully Loaded,2005,https://boxd.it/1TP0,2
2023-07-23,Planet 51,2009,https://boxd.it/1JA0,1.5
2023-07-23,X-Men: Apocalypse,2016,https://boxd.it/7eJi,1.5
2023-07-23,Romeo + Juliet,1996,https://boxd.it/2ama,3
2023-07-23,Empire Records,1995,https://boxd.it/1PY8,3
2023-07-23,The Woman,2011,https://boxd.it/3dG,3
2023-07-23,David Lynch: The Art Life,2016,https://boxd.it/eASq,2
2023-07-23,Flushed Away,2006,https://boxd.it/1Tpm,1
2023-07-23,Scream,2022,https://boxd.it/o0lg,3
2023-07-23,Doctor Strange,2016,https://boxd.it/8MH8,3
2023-07-23,Bliss,2019,https://boxd.it/lAok,2.5
2023-07-23,Hugo,2011,https://boxd.it/R08,3
2023-07-23,Chef,2014,https://boxd.it/6lCG,2.5
2023-07-23,Exorcist II: The Heretic,1977,https://boxd.it/1Tuw,1.5
2023-07-23,Neon Bull,2015,https://boxd.it/a6Ke,2.5
2023-07-23,Wonder,2017,https://boxd.it/ekeY,3
2023-07-23,Inside,2007,https://boxd.it/1QqG,3.5
2023-07-23,127 Hours,2010,https://boxd.it/SLa,1.5
2023-07-23,Alien: Covenant,2017,https://boxd.it/49UY,3
2023-07-23,Chelsea Girls,1966,https://boxd.it/28iU,4.5
2023-07-23,Begotten,1989,https://boxd.it/28Ie,0.5
2023-07-23,Matilda,1996,https://boxd.it/1VhY,4.5
2023-07-23,Blow Job,1964,https://boxd.it/RNu,2.5
2023-07-23,Brother Bear,2003,https://boxd.it/1Xjs,4
2023-07-23,[REC]²,2009,https://boxd.it/1VH8,2
2023-07-23,Evil Dead,2013,https://boxd.it/3GPq,3
2023-07-23,The Cannibal Club,2018,https://boxd.it/i0LG,2.5
2023-07-23,Suicide Club,2001,https://boxd.it/1RkY,3.5
2023-07-23,Crash,2004,https://boxd.it/28q0,2
2023-07-23,Cinderella Baiana,1998,https://boxd.it/2RLs,4.5
2023-07-23,Sing 2,2021,https://boxd.it/fAnE,2.5
2023-07-23,Exte: Hair Extensions,2007,https://boxd.it/1Bn8,3
2023-07-23,The Purge: Anarchy,2014,https://boxd.it/71zk,2.5
2023-07-27,The Umbrellas of Cherbourg,1964,https://boxd.it/22fK,4
2023-08-01,"I, Tonya",2017,https://boxd.it/dzR0,3
2023-08-09,Mission: Impossible – Rogue Nation,2015,https://boxd.it/5rI4,4
2023-08-09,Triangle of Sadness,2022,https://boxd.it/hXlq,3
2023-08-11,Band of Outsiders,1964,https://boxd.it/20Aw,5
2023-08-12,The Girl with the Dragon Tattoo,2011,https://boxd.it/2Pa,4.5
2023-08-13,Halloween 4: The Return of Michael Myers,1988,https://boxd.it/1U2S,3
2023-08-14,Blade Runner 2049,2017,https://boxd.it/b8wK,4.5
2023-08-20,Watching the Detectives,2007,https://boxd.it/1B3i,5
2023-08-22,Dune,2021,https://boxd.it/fA7G,4.5
2023-08-27,"Red, White & Royal Blue",2023,https://boxd.it/z3iG,2
2023-08-28,The Virgin Suicides,1999,https://boxd.it/28JG,4
2023-09-04,20th Century Women,2016,https://boxd.it/bqU6,3.5
2023-09-05,Eyes Wide Shut,1999,https://boxd.it/2axs,5
2023-09-07,The Seventh Continent,1989,https://boxd.it/1gB4,4
2023-09-09,Amadeus,1984,https://boxd.it/2aH8,4
2023-09-09,Lilya 4-ever,2002,https://boxd.it/1SyW,3
2023-09-10,Closer,2004,https://boxd.it/270K,3.5
2023-09-12,Sharp Objects,2018,https://boxd.it/j3NM,4
2023-09-12,Mare of Easttown,2021,https://boxd.it/u2h8,4.5
2023-09-12,Three Colours: Red,1994,https://boxd.it/2b7q,5
2023-09-15,Talk to Me,2022,https://boxd.it/C6uQ,2
2023-09-15,Babylon,2022,https://boxd.it/mM02,4.5
2023-09-16,Memento,2000,https://boxd.it/2bcK,4
2023-09-17,Heat,1995,https://boxd.it/2bg8,5
2023-09-25,Lamb,2021,https://boxd.it/tFwE,3
2023-09-25,Speak No Evil,2022,https://boxd.it/vqlg,3
2023-09-26,Bodies Bodies Bodies,2022,https://boxd.it/iRcE,2.5
2023-09-26,Revolutionary Girl Utena,1997,https://boxd.it/psn2,4.5
2023-09-26,Requiem for a Dream,2000,https://boxd.it/29VI,4
2023-09-26,Panic Room,2002,https://boxd.it/2490,4
2023-09-28,The Wonderful Story of Henry Sugar,2023,https://boxd.it/yNyo,3.5
2023-10-02,Chernobyl,2019,https://boxd.it/mkbG,4.5
2023-10-02,Booksmart,2019,https://boxd.it/igNS,3
2023-10-08,The Shining,1980,https://boxd.it/29Nu,5
2023-10-09,Carrie,1976,https://boxd.it/20ZQ,4
2023-10-16,Saw,2004,https://boxd.it/2aWW,3
2023-10-17,Mission: Impossible – Dead Reckoning,2023,https://boxd.it/l7zS,4
2023-10-19,The Piano Teacher,2001,https://boxd.it/2886,5
2023-10-20,Anatomy of a Fall,2023,https://boxd.it/yuDE,4.5
2023-10-23,Quantum of Solace,2008,https://boxd.it/1Vs8,2.5
2023-10-27,Cowboy Bebop,1998,https://boxd.it/ptES,5
2023-10-27,Steins;Gate,2011,https://boxd.it/psNE,3
2023-10-30,The Audition,2015,https://boxd.it/cEHC,3
2023-10-31,Insidious,2010,https://boxd.it/H4k,3
2023-11-09,Spencer,2021,https://boxd.it/qPMG,4
2023-11-12,Feels Good Man,2020,https://boxd.it/oigS,3
2023-11-13,The Killer,2023,https://boxd.it/u6WE,4
2023-11-15,The Blair Witch Project,1999,https://boxd.it/26ua,3
2023-11-16,"As Above, So Below",2014,https://boxd.it/7yui,3.5
2023-11-22,Almost Famous,2000,https://boxd.it/29CQ,5
2023-11-23,Killers of the Flower Moon,2023,https://boxd.it/gHp0,4.5
2023-11-23,Barbie,2023,https://boxd.it/bCLK,4
2023-11-23,The Beautiful Person,2008,https://boxd.it/152W,3
2023-11-23,The Woman Who Invented Love,1980,https://boxd.it/5Sl2,4.5
2023-11-23,Dead Poets Society,1989,https://boxd.it/2aSg,4.5
2023-11-23,Dancer in the Dark,2000,https://boxd.it/71E,2
2023-11-23,Mamma Mia! Here We Go Again,2018,https://boxd.it/gnfO,2
2023-12-01,Shame,2011,https://boxd.it/2CxU,4
2023-12-03,Love & Pop,1998,https://boxd.it/2sv0,4
2023-12-04,Foe,2023,https://boxd.it/sy7U,3
2023-12-09,Christiane F.,1981,https://boxd.it/1YiA,2.5
2023-12-09,The Red Light Bandit,1968,https://boxd.it/5ESQ,4
2023-12-10,Mad Max: Fury Road,2015,https://boxd.it/2DjO,4.5
2023-12-13,To All the Boys: Always and Forever,2021,https://boxd.it/mI1A,2.5
2023-12-14,The Prestige,2006,https://boxd.it/293w,4
2023-12-16,Priscilla,2023,https://boxd.it/Cz3k,3
2023-12-22,In the Mood for Love,2000,https://boxd.it/29tE,5
2023-12-30,The Irishman,2019,https://boxd.it/dYOq,4.5
2024-01-01,Oldboy,2003,https://boxd.it/29R2,5
2024-01-03,Winnie the Pooh: Blood and Honey,2023,https://boxd.it/B1rg,0.5
2024-01-05,Causeway,2022,https://boxd.it/lWQq,4
2024-01-06,Blue Velvet,1986,https://boxd.it/29BI,4
2024-01-06,Nights of Cabiria,1957,https://boxd.it/1F7e,4.5
2024-01-06,21 Jump Street,2012,https://boxd.it/J0,4
2024-01-07,Phoenix,2014,https://boxd.it/7u46,4
2024-01-08,Kendrick Lamar Live: The Big Steppers Tour,2022,https://boxd.it/C3rE,4.5
2024-01-08,Wild Tales,2014,https://boxd.it/7UmK,4
2024-01-09,Lost Highway,1997,https://boxd.it/29Wc,3
2024-01-10,Rear Window,1954,https://boxd.it/2a6Q,4.5
2024-01-11,GoodFellas,1990,https://boxd.it/29FA,5
2024-01-11,After Hours,1985,https://boxd.it/1VfS,5
2024-01-11,Fantasmas,2010,https://boxd.it/bkaG,4
2024-01-13,Elephant,2003,https://boxd.it/287i,3
2024-01-14,Boogie Nights,1997,https://boxd.it/23um,4
2024-01-14,There Will Be Blood,2007,https://boxd.it/20Z2,4.5
2024-01-22,The Silence of the Lambs,1991,https://boxd.it/2aHW,5
2024-01-25,Past Lives,2023,https://boxd.it/oNB8,4
2024-01-25,The Favourite,2018,https://boxd.it/d2hI,4.5
2024-01-27,Girls' Last Tour,2017,https://boxd.it/qDGG,4
2024-01-28,Society of the Snow,2023,https://boxd.it/y9aw,4
2024-01-31,Antichrist,2009,https://boxd.it/1Inu,3
2024-02-02,Breathless,1960,https://boxd.it/2aIK,4
2024-02-02,Call Me by Your Name,2017,https://boxd.it/dYmm,5
2024-02-03,Shadows in Paradise,1986,https://boxd.it/73A,3
2024-02-04,Azumanga Daioh,2002,https://boxd.it/pMu8,5
2024-02-12,The Holdovers,2023,https://boxd.it/vHza,4.5
2024-02-19,Batman Returns,1992,https://boxd.it/2awa,3.5
2024-02-20,Good Will Hunting,1997,https://boxd.it/2ahY,4
2024-03-04,Poor Things,2023,https://boxd.it/tNWU,4
2024-03-06,Magnolia,1999,https://boxd.it/2aze,5
2024-04-01,The Passion of the Christ,2004,https://boxd.it/29ZK,3
2024-04-08,Corpse Bride,2005,https://boxd.it/24WQ,3
2024-04-10,Enter the Void,2009,https://boxd.it/1dy2,2.5
2024-04-14,Haikyu!! The Movie: Battle of Concepts,2017,https://boxd.it/gvOC,5
2024-04-15,Vertigo,1958,https://boxd.it/2apI,5
2024-04-16,Perfect Days,2023,https://boxd.it/ATh8,4
2024-04-19,Drive My Car,2021,https://boxd.it/sv94,5
2024-04-21,Dune: Part Two,2024,https://boxd.it/pUfA,4.5
2024-04-28,John Wick: Chapter 4,2023,https://boxd.it/mh48,5
2024-05-06,Madonna: The Celebration Tour in Rio,2024,https://boxd.it/MPHg,4
2024-05-10,Love Lies Bleeding,2024,https://boxd.it/zN4q,3
2024-05-18,Challengers,2024,https://boxd.it/zld0,4
2024-05-22,Last Night in Soho,2021,https://boxd.it/lbJC,3.5
2024-05-26,Red Eye,2005,https://boxd.it/1TNy,4
2024-06-11,Immaculate,2024,https://boxd.it/Douw,2.5
2024-06-16,Barbarian,2022,https://boxd.it/yohi,4
2024-06-18,When Evil Lurks,2023,https://boxd.it/rXBe,3
2024-06-24,The Others,2001,https://boxd.it/27Po,3
2024-06-24,Nocturnal Animals,2016,https://boxd.it/bkFu,3
2024-07-15,Abuse of Weakness,2013,https://boxd.it/5tni,3
2024-07-15,Gravity,2013,https://boxd.it/GZY,4
2024-07-22,Am I OK?,2022,https://boxd.it/nPqY,2.5
2024-07-28,Burnt,2015,https://boxd.it/9mVg,3.5
2024-07-31,Nope,2022,https://boxd.it/sDCe,5
2024-08-11,The Funeral,1996,https://boxd.it/1BC8,4
2024-08-16,The Brown Bunny,2003,https://boxd.it/1RnI,4
2024-08-16,Buffalo '66,1998,https://boxd.it/1YC6,4.5
2024-08-19,Opening Night,1977,https://boxd.it/1f4e,5
2024-08-20,Alien: Romulus,2024,https://boxd.it/zGqO,4.5
2024-08-26,The Terminator,1984,https://boxd.it/2aQY,4.5
2024-08-26,Titanic,1997,https://boxd.it/2a2k,4
2024-08-26,Terminator 2: Judgment Day,1991,https://boxd.it/2aGY,4.5
2024-08-27,Looking for Mr. Goodbar,1977,https://boxd.it/17BO,3
2024-08-29,Mission: Impossible – Fallout,2018,https://boxd.it/bSVc,4.5
2024-08-31,Longlegs,2024,https://boxd.it/KzLM,3.5
2024-09-02,Silvia Prieto,1999,https://boxd.it/EI2,4
2024-09-08,Shadows,1958,https://boxd.it/1M9c,4
2024-09-08,Trap,2024,https://boxd.it/D4nK,3.5
2024-09-10,Elevator to the Gallows,1958,https://boxd.it/294u,4
2024-09-14,Mission: Impossible,1996,https://boxd.it/29d2,4
2024-09-15,We Are Who We Are,2020,https://boxd.it/n6GW,4.5
2024-09-15,Mission: Impossible II,2000,https://boxd.it/29cS,3
2024-09-21,Mission: Impossible – Ghost Protocol,2011,https://boxd.it/psI,4
2024-09-27,Blink Twice,2024,https://boxd.it/vIOg,3.5
2024-09-30,Rise of the Planet of the Apes,2011,https://boxd.it/cS4,4
2024-09-30,Dawn of the Planet of the Apes,2014,https://boxd.it/3XyQ,4
2024-09-30,War for the Planet of the Apes,2017,https://boxd.it/8FE2,3.5
2024-10-01,Barbara,2012,https://boxd.it/37XY,3.5
2024-10-04,Le Trou,1960,https://boxd.it/1nSw,4
2024-10-07,The Wild Goose Lake,2019,https://boxd.it/l8bs,3.5
2024-10-08,First Reformed,2017,https://boxd.it/go9C,4
2024-10-12,Us,2019,https://boxd.it/gnV6,4
2024-10-14,A Land Imagined,2018,https://boxd.it/jzLS,3.5
2024-10-20,Birth,2004,https://boxd.it/1VvQ,4
2024-10-25,Daisy Miller,1974,https://boxd.it/23W6,3
2024-11-01,The Love Witch,2016,https://boxd.it/cZie,4
2024-11-01,In the Darkness of Time,2002,https://boxd.it/awaQ,5
2024-11-03,Olivia Rodrigo: GUTS World Tour,2024,https://boxd.it/QyZK,4
2024-11-09,The Untouchables,1987,https://boxd.it/2b6i,4
2024-11-11,Primer,2004,https://boxd.it/6YA,3
2024-11-15,The Given Word,1962,https://boxd.it/h6Y,5
2024-11-16,The Penguin,2024,https://boxd.it/QkIU,4
2024-11-16,The Double Life of Véronique,1991,https://boxd.it/28va,5
2024-11-16,The Substance,2024,https://boxd.it/zanS,3.5
2024-11-17,Vagabond,1985,https://boxd.it/T0u,5
2024-11-17,Cinema Paradiso,1988,https://boxd.it/1UlA,5
2024-11-20,Nymphomaniac: Vol. I,2013,https://boxd.it/7DiG,2.5
2024-11-20,Nymphomaniac: Vol. II,2013,https://boxd.it/7j9Y,3
2024-11-26,Fake Blonde,2007,https://boxd.it/5eHM,4
2024-11-28,Three... Extremes,2004,https://boxd.it/1eGw,3
2024-11-30,The Parent Trap,1998,https://boxd.it/1XJq,3
2024-11-30,Confessions of a Teenage Drama Queen,2004,https://boxd.it/1UyE,1
2024-12-01,The Babadook,2014,https://boxd.it/77xu,5
2024-12-03,Rebels of the Neon God,1992,https://boxd.it/mp2,4
2024-12-05,The Day After,2017,https://boxd.it/g7aI,4
2024-12-07,Juror #2,2024,https://boxd.it/FRwU,4
2024-12-08,I'm Still Here,2024,https://boxd.it/BPEO,4.5
2024-12-11,Love Streams,1984,https://boxd.it/zOk,5
2024-12-15,Sonic the Hedgehog,2020,https://boxd.it/gdK8,3
2024-12-16,Entranced Earth,1967,https://boxd.it/qkU,5
2024-12-19,Anora,2024,https://boxd.it/Egcw,4
2024-12-23,Hot Wheels AcceleRacers: Ignition,2005,https://boxd.it/2nGW,5
2024-12-27,Sorry to Bother You,2018,https://boxd.it/f21E,3
2024-12-28,Hot Wheels: World Race,2003,https://boxd.it/Lpm,4.5
2024-12-28,The Addiction,1995,https://boxd.it/1cZQ,4
2025-01-01,The Conversation,1974,https://boxd.it/2a38,4.5
2025-01-03,Nosferatu,2024,https://boxd.it/f5eG,4
2025-01-07,The Nun,1966,https://boxd.it/WbK,4
2025-01-09,The Pop Out: Ken & Friends,2024,https://boxd.it/NQLK,5
2025-01-11,The Rogue's Trial,2024,https://boxd.it/FB6Q,2.5
2025-01-18,Andrei Rublev,1966,https://boxd.it/29lg,5
2025-01-18,Memories of Underdevelopment,1968,https://boxd.it/Kos,5
2025-01-21,La Notte,1961,https://boxd.it/10iU,5
2025-01-21,Easy Rider,1969,https://boxd.it/29Ys,5
2025-01-21,Tokyo Story,1953,https://boxd.it/1HuY,5
2025-01-23,The Hunt,2012,https://boxd.it/3wEC,4.5
2025-01-28,The Last Picture Show,1971,https://boxd.it/1weg,5
2025-01-28,The Graduate,1967,https://boxd.it/18Im,4
2025-02-13,A Brighter Summer Day,1991,https://boxd.it/1Luy,5
2025-02-14,Rogério Sganzerla Send His Message to Brazil,1991,https://boxd.it/vs4G,5
2025-02-16,La Dolce Vita,1960,https://boxd.it/2anC,5
2025-02-23,Alice in the Cities,1974,https://boxd.it/27cG,5
2025-03-07,Freedom Writers,2007,https://boxd.it/28p2,3
2025-04-01,"Rome, Open City",1945,https://boxd.it/2aD6,5
2025-04-01,Journey to Italy,1954,https://boxd.it/26o2,4
2025-04-01,Stromboli,1950,https://boxd.it/24Js,4
2025-04-01,"Germany, Year Zero",1948,https://boxd.it/20FG,5
2025-04-01,Death in Venice,1971,https://boxd.it/21tm,4
2025-04-01,Theorem,1968,https://boxd.it/237C,5
2025-04-01,Hiroshima Mon Amour,1959,https://boxd.it/22WY,5
2025-04-03,Ugetsu,1953,https://boxd.it/1NyM,4.5
2025-04-03,Sansho the Bailiff,1954,https://boxd.it/1Dkq,5
2025-04-21,Sinners,2025,https://boxd.it/KQMM,4
2025-04-23,Conclave,2024,https://boxd.it/AO8q,4
2025-04-27,Fargo,1996,https://boxd.it/2aHM,4.5
2025-05-21,Mission: Impossible – The Final Reckoning,2025,https://boxd.it/l7A2,4
2025-05-31,Le Samouraï,1967,https://boxd.it/22ZI,4
2025-06-24,Boiling Point,2021,https://boxd.it/uo2u,4
2025-09-15,Down with Love,2003,https://boxd.it/1VyA,4
2025-09-15,mother!,2017,https://boxd.it/dgRU,3
2025-10-15,Swing Girls,2004,https://boxd.it/1ag0,5
2025-10-18,Scenes from a Marriage,2021,https://boxd.it/wzSU,4
2025-11-08,Frankenstein,2025,https://boxd.it/Ecsg,4.5
2025-11-08,Guillermo del Toro's Pinocchio,2022,https://boxd.it/kjMW,4.5
2025-12-22,After the Hunt,2025,https://boxd.it/Mdra,4
2025-12-22,Bacurau,2019,https://boxd.it/fSUG,3
2025-12-22,Dog Star Man,1965,https://boxd.it/eQCS,4.5
2026-01-01,The Truth,1960,https://boxd.it/d3Q,4
2026-01-05,Sentimental Value,2025,https://boxd.it/GwcG,4
2026-01-07,One Battle After Another,2025,https://boxd.it/DUHM,5
2026-01-25,Wake Up Dead Man,2025,https://boxd.it/uAKS,4
2026-01-27,Marty Supreme,2025,https://boxd.it/Off0,4.5
2026-02-28,The Tale of The Princess Kaguya,2013,https://boxd.it/4JQI,4.5
